time,latitude,longitude,depth,mag,magType,nst,gap,dmin,rms,net,id,updated,place,type
2015-12-13T20:47:25.870Z,-4.4837,101.4662,41.61,4.5,mb,,108,6.94,0.93,us,us20004gxn,2015-12-13T21:15:47.320Z,"116km SW of Bengkulu, Indonesia",earthquake
2015-12-13T20:09:24.440Z,38.2907,72.9184,43.78,4.7,mb,,65,1.252,0.99,us,us20004gxj,2015-12-13T20:34:23.082Z,"92km W of Murghob, Tajikistan",earthquake
2015-12-13T17:31:07.910Z,-30.5621,-72.0337,10,4.7,mb,,146,0.361,1.2,us,us20004gx7,2015-12-13T17:50:00.054Z,"80km W of Ovalle, Chile",earthquake
2015-12-13T10:03:23.920Z,-11.1608,166.4455,86.46,4.8,mb,,72,4.324,0.77,us,us20004gvu,2015-12-13T18:06:08.089Z,"83km SE of Lata, Solomon Islands",earthquake
2015-12-13T08:31:15.750Z,-24.1944,-66.9564,182.5,4.6,mb,,40,2.388,1.14,us,us20004gvd,2015-12-13T16:33:46.181Z,"64km W of San Antonio de los Cobres, Argentina",earthquake
2015-12-13T06:42:11.060Z,-6.9137,129.9085,97.25,5.4,mb,,45,1.74,0.65,us,us20004gv8,2015-12-13T14:44:47.643Z,"193km NW of Saumlaki, Indonesia",earthquake
2015-12-13T05:53:20.730Z,54.9946,111.7368,14.19,5.1,mb,,38,5.874,0.83,us,us20004gv4,2015-12-13T13:56:03.096Z,"120km NE of Kurumkan, Russia",earthquake
2015-12-13T01:52:18.010Z,46.717,152.6172,57.91,5.3,mb,,127,6.766,0.75,us,us20004guj,2015-12-13T09:54:59.507Z,"Kuril Islands",earthquake
2015-12-13T01:47:09.900Z,3.4538,127.4429,49.42,5.4,mb,,46,2.665,0.99,us,us20004gug,2015-12-13T09:49:46.553Z,"200km NNW of Tobelo, Indonesia",earthquake
2015-12-12T23:32:53.960Z,-41.1661,-90.2094,10,5,mb,,150,13.769,0.82,us,us20004gtz,2015-12-13T07:35:30.578Z,"Southeast of Easter Island",earthquake
2015-12-12T23:30:34.480Z,0.6414,-24.9984,10,4.9,mb,,97,20.966,0.9,us,us20004gu0,2015-12-13T07:33:10.248Z,"Central Mid-Atlantic Ridge",earthquake
2015-12-12T22:04:02.970Z,31.2344,129.3678,17.7,4.5,mb,,101,0.967,0.93,us,us20004gtj,2015-12-13T06:06:33.916Z,"90km W of Makurazaki, Japan",earthquake
2015-12-12T21:05:53.410Z,38.9428,141.8377,49.79,4.5,mb,,144,1.351,1.37,us,us20004gsy,2015-12-13T05:08:31.673Z,"17km SE of Ofunato, Japan",earthquake
2015-12-12T15:13:52.210Z,51.939,178.4137,126.22,4.8,mb,,96,0.788,0.56,us,us20004grd,2015-12-12T23:16:28.531Z,"6km W of Little Sitkin Island, Alaska",earthquake
2015-12-12T15:08:58.170Z,-35.0098,-71.9628,42.79,5,mb,,152,0.026,1.08,us,us20004grc,2015-12-13T18:00:55.317Z,"54km NNW of Talca, Chile",earthquake
2015-12-12T14:46:26.780Z,-10.1733,161.1561,71.07,4.8,mb,,75,1.397,1,us,us20004gr8,2015-12-12T22:48:54.775Z,"89km WNW of Kirakira, Solomon Islands",earthquake
2015-12-12T12:14:39.100Z,-12.802,-14.6781,10,4.8,mb,,65,4.848,0.77,us,us20004gpw,2015-12-12T20:17:14.334Z,"Southern Mid-Atlantic Ridge",earthquake
2015-12-12T11:34:38.740Z,16.3092,-96.7684,44.77,4.5,mb,,178,2.125,1.22,us,us20004gpr,2015-12-12T19:37:23.642Z,"10km SE of San Vicente Coatlan, Mexico",earthquake
2015-12-12T08:34:46.210Z,37.7914,21.0804,10,4.5,mwr,,85,0.908,0.97,us,us20004gp7,2015-12-12T16:37:26.955Z,"7km SSW of Ayios Nikolaos, Greece",earthquake
2015-12-12T01:33:18.890Z,5.6352,-77.5904,36.32,4.6,mb,,127,2.117,1.53,us,us20004gnc,2015-12-12T09:35:54.470Z,"36km WSW of Nuqui, Colombia",earthquake
2015-12-12T00:45:35.490Z,-19.9475,-71.0373,15.41,4.5,mwr,,156,0.91,0.66,us,us20004gn3,2015-12-12T08:48:12.892Z,"98km WNW of Iquique, Chile",earthquake
2015-12-12T00:32:20.510Z,19.0094,-69.2878,24.35,4.5,mwr,,63,0.99,0.7,us,us20004gn1,2015-12-12T02:39:06.157Z,"10km ENE of El Valle, Dominican Republic",earthquake
2015-12-11T22:05:39.520Z,-47.6683,85.7123,10,5,mb,,65,22.998,0.94,us,us20004gm0,2015-12-12T06:08:10.458Z,"Southeast Indian Ridge",earthquake
2015-12-11T13:02:45.980Z,-4.092,129.5505,51.69,4.8,mb,,37,2.934,0.78,us,us20004gdz,2015-12-11T21:05:13.793Z,"109km SE of Amahai, Indonesia",earthquake
2015-12-11T11:18:26.820Z,-17.9995,-178.4501,586.32,4.7,mb,,80,3.34,0.96,us,us20004gdh,2015-12-11T19:20:55.272Z,"289km SE of Lambasa, Fiji",earthquake
2015-12-11T11:11:58.440Z,-17.8628,-178.5208,580.81,4.7,mb,,79,3.266,0.87,us,us20004gdg,2015-12-11T19:14:25.746Z,"274km SE of Lambasa, Fiji",earthquake
2015-12-11T08:29:48.410Z,-19.0048,168.7337,96.86,4.7,mb,,106,2.254,1.14,us,us20004gcg,2015-12-11T16:32:25.763Z,"82km NW of Isangel, Vanuatu",earthquake
2015-12-11T03:20:49.100Z,-5.0559,102.8792,51.89,5.6,mb,,51,2.805,1.2,us,us20004gba,2015-12-11T13:57:08.000Z,"98km W of Kuripan, Indonesia",earthquake
2015-12-11T02:58:12.190Z,-18.1505,-175.1629,150.14,4.7,mb,,104,5.049,0.73,us,us20004gb8,2015-12-11T11:00:41.031Z,"136km WNW of Neiafu, Tonga",earthquake
2015-12-10T20:27:23.840Z,-6.342,103.6256,39.91,4.8,mb,,98,3.58,0.94,us,us20004g8a,2015-12-11T04:29:56.527Z,"120km SSW of Biha, Indonesia",earthquake
2015-12-10T18:55:32.270Z,-5.4149,129.445,258.35,4.9,mb,,28,3.146,0.82,us,us20004g7l,2015-12-11T02:58:13.091Z,"222km SSE of Saparua, Indonesia",earthquake
2015-12-10T16:38:22.350Z,-5.4801,147.2433,202.48,4.8,mb,,40,3.416,0.81,us,us20004g5d,2015-12-11T00:40:57.978Z,"140km NNE of Lae, Papua New Guinea",earthquake
2015-12-10T14:48:05.860Z,44.5645,100.5446,15.42,4.5,mb,,81,5.213,0.86,us,us20004g4x,2015-12-10T22:50:41.226Z,"22km SSE of Orgon, Mongolia",earthquake
2015-12-10T12:05:15.100Z,-58.9249,-23.8847,10,5.7,mwp,,53,8.359,1.4,us,us20004g40,2015-12-10T20:46:17.000Z,"151km E of Bristol Island, South Sandwich Islands",earthquake
2015-12-10T10:00:04.240Z,6.6214,126.1324,57.32,4.6,mb,,118,0.707,1,us,us20004g3h,2015-12-10T18:02:39.579Z,"3km ESE of Tibanbang, Philippines",earthquake
2015-12-10T07:36:26.550Z,6.6052,126.0865,59.39,4.8,mb,,109,0.683,0.81,us,us20004g2x,2015-12-10T15:39:01.688Z,"3km SW of Tibanbang, Philippines",earthquake
2015-12-10T05:38:46.490Z,-4.4471,129.7023,42.99,4.5,mb,,61,2.96,0.84,us,us20004g2m,2015-12-10T13:41:29.100Z,"150km SE of Amahai, Indonesia",earthquake
2015-12-10T02:47:39.400Z,11.212,-86.7973,33.36,4.7,mb,,158,1.115,0.7,us,us20004g2b,2015-12-10T10:50:09.669Z,"70km SSW of Masachapa, Nicaragua",earthquake
2015-12-10T02:04:45.740Z,-4.1989,129.5351,46.09,5.2,mb,,36,2.992,0.99,us,us20004g28,2015-12-10T10:07:28.713Z,"117km SE of Amahai, Indonesia",earthquake
2015-12-10T00:09:33.080Z,-35.8405,-73.2549,10,5.3,mb,,96,1.362,0.79,us,us20004g1p,2015-12-10T17:54:27.000Z,"85km W of Cauquenes, Chile",earthquake
2015-12-10T00:06:30.900Z,-4.1823,129.6526,35,4.6,mb,,71,2.879,1.33,us,us20004g1t,2015-12-10T08:08:59.079Z,"124km SE of Amahai, Indonesia",earthquake
2015-12-10T00:03:17.030Z,9.9825,-85.5914,18.59,4.6,mb,,148,0.135,1,us,us20004g1n,2015-12-10T17:28:56.984Z,"13km NNW of Samara, Costa Rica",earthquake
2015-12-09T23:16:42.900Z,-4.1841,129.6189,38.31,4.8,mb,,52,2.91,0.67,us,us20004g19,2015-12-10T07:19:17.481Z,"122km SE of Amahai, Indonesia",earthquake
2015-12-09T23:11:43.860Z,-4.055,129.5099,35,4.5,mb,,60,2.957,0.77,us,us20004g18,2015-12-10T07:14:23.708Z,"103km SE of Amahai, Indonesia",earthquake
2015-12-09T22:11:41.530Z,5.1658,126.8198,141.08,4.8,mb,,100,2.258,0.7,us,us20004g0z,2015-12-10T06:14:22.610Z,"150km SSE of Pondaguitan, Philippines",earthquake
2015-12-09T21:52:42.320Z,-37.6045,51.3505,10,5.3,mb,,30,16.036,0.79,us,us20004g0x,2015-12-10T05:55:23.798Z,"South Indian Ocean",earthquake
2015-12-09T20:21:12.800Z,-4.155,129.6706,35,4.8,mb,,45,2.851,0.84,us,us20004g07,2015-12-10T04:23:42.634Z,"123km SE of Amahai, Indonesia",earthquake
2015-12-09T19:31:55.910Z,-4.1633,129.6528,29.06,4.7,mb,,52,2.87,0.79,us,us20004fzv,2015-12-10T03:34:24.793Z,"122km SE of Amahai, Indonesia",earthquake
2015-12-09T19:17:38.420Z,38.3829,72.867,10,5,mb,,44,1.376,0.75,us,us20004fzu,2015-12-10T03:20:10.325Z,"91km SW of Karakul, Tajikistan",earthquake
2015-12-09T17:07:49.320Z,-4.1853,129.5492,26.17,4.8,mb,,62,2.973,0.73,us,us20004fye,2015-12-10T01:16:40.639Z,"117km SE of Amahai, Indonesia",earthquake
2015-12-09T16:35:46.540Z,-4.1488,129.4886,42.73,5,mb,,45,3.013,0.96,us,us20004g15,2015-12-10T00:38:21.726Z,"110km SE of Amahai, Indonesia",earthquake
2015-12-09T16:35:23.740Z,-4.1353,129.514,16.45,4.7,mb,,45,2.985,0.9,us,us20004fxu,2015-12-10T00:37:53.090Z,"110km SE of Amahai, Indonesia",earthquake
2015-12-09T16:06:10.660Z,-4.0605,129.5683,29.25,5,mb,,31,2.906,1.02,us,us20004fww,2015-12-10T00:08:44.865Z,"108km SE of Amahai, Indonesia",earthquake
2015-12-09T14:57:00.900Z,-4.0513,129.5199,35,5.6,mb,,31,2.947,0.96,us,us20004fw7,2015-12-09T22:59:30.087Z,"103km SE of Amahai, Indonesia",earthquake
2015-12-09T14:14:05.120Z,-4.059,129.5859,35,5.3,mb,,41,2.889,0.76,us,us20004fvt,2015-12-09T22:16:50.731Z,"109km SE of Amahai, Indonesia",earthquake
2015-12-09T13:32:56.670Z,-15.2219,-177.7556,408.01,5.4,mb,,43,4.739,1.15,us,us20004fve,2015-12-09T21:35:27.933Z,"111km SSE of Sigave, Wallis and Futuna",earthquake
2015-12-09T13:21:42.700Z,-4.0724,129.6227,35,4.6,mb,,63,2.86,0.87,us,us20004fv7,2015-12-09T21:24:09.898Z,"113km SE of Amahai, Indonesia",earthquake
2015-12-09T13:11:47.390Z,-16.8285,175.2728,31.47,4.5,mb,,81,2.808,0.97,us,us20004fv6,2015-12-09T21:14:25.548Z,"249km WNW of Lautoka, Fiji",earthquake
2015-12-09T12:58:01.320Z,-16.616,175.274,10,5.7,mb,,63,2.883,0.98,us,us20004fuz,2015-12-09T21:00:33.620Z,"258km WNW of Lautoka, Fiji",earthquake
2015-12-09T12:50:03.150Z,-4.0707,129.7261,35,4.7,mb,,43,2.765,0.76,us,us20004fut,2015-12-09T20:52:45.074Z,"121km SE of Amahai, Indonesia",earthquake
2015-12-09T12:39:13.460Z,-4.0424,129.6926,43.5,5.3,mb,,24,2.784,0.97,us,us20004fur,2015-12-09T20:41:58.625Z,"116km SE of Amahai, Indonesia",earthquake
2015-12-09T12:24:32.180Z,-4.1638,129.6444,35,4.8,mb,,52,2.878,0.82,us,us20004fup,2015-12-09T20:27:04.859Z,"122km SE of Amahai, Indonesia",earthquake
2015-12-09T12:17:19.560Z,-4.1034,129.5855,27,5,mb,,41,2.907,1.04,us,us20004ful,2015-12-09T20:19:58.101Z,"113km SE of Amahai, Indonesia",earthquake
2015-12-09T12:06:26.680Z,-4.176,129.7027,44.57,5.1,mb,,17,2.831,0.81,us,us20004fuh,2015-12-09T20:09:12.452Z,"127km SE of Amahai, Indonesia",earthquake
2015-12-09T11:34:18.320Z,-8.1377,116.0969,211.91,4.8,mb,,49,1.952,0.98,us,us20004fu7,2015-12-09T12:08:51.467Z,"22km NW of Lokokrangan, Indonesia",earthquake
2015-12-09T11:15:30.460Z,-4.2741,129.7396,35,5.2,mb,,46,2.843,0.94,us,us20004fu0,2015-12-09T11:43:57.121Z,"138km SE of Amahai, Indonesia",earthquake
2015-12-09T10:50:14.820Z,-2.8025,129.525,42.2,4.8,mb,,62,2.723,1.25,us,us20004fts,2015-12-09T18:52:51.689Z,"89km NE of Amahai, Indonesia",earthquake
2015-12-09T10:21:50.420Z,-4.1181,129.4776,33.88,6.9,mwp,,16,3.011,0.87,us,us20004ft7,2015-12-09T15:54:22.725Z,"106km SE of Amahai, Indonesia",earthquake
2015-12-09T09:14:03.020Z,-30.6958,-71.8097,26.23,4.5,mb,,152,0.152,0.5,us,us20004ft1,2015-12-09T17:16:35.736Z,"59km W of Ovalle, Chile",earthquake
2015-12-09T09:03:39.820Z,39.0621,37.5415,10,4.5,mb,,128,1.337,0.92,us,us20004frw,2015-12-09T17:06:20.110Z,"22km NNW of Kulucak, Turkey",earthquake
2015-12-08T20:47:09.180Z,-15.835,-71.873,25.61,4.7,mwr,,74,2.915,1.06,us,us20004fn4,2015-12-09T17:52:44.083Z,"24km NE of Lluta, Peru",earthquake
2015-12-08T19:54:18.410Z,-15.8357,-72.2508,25.13,4.7,mb,,145,3.112,1.1,us,us20004fze,2015-12-09T17:44:21.386Z,"32km NW of Lluta, Peru",earthquake
2015-12-08T19:42:14.330Z,18.8236,145.5721,199.57,4.7,mb,,93,2.472,0.69,us,us20004fmy,2015-12-09T16:16:38.925Z,"11km WNW of Agrihan, Northern Mariana Islands",earthquake
2015-12-08T18:35:19.680Z,0.9829,127.5026,12.01,5,mb,,50,0.249,0.85,us,us20004fma,2015-12-09T15:09:54.841Z,"23km NNE of Ternate, Indonesia",earthquake
2015-12-08T14:08:44.260Z,38.4868,72.8379,10,4.6,mb,,188,1.28,0.51,us,us1000456b,2015-12-08T22:11:26.484Z,"84km SW of Karakul, Tajikistan",earthquake
2015-12-08T13:32:48.460Z,-30.783,-71.9747,26.14,4.6,mb,,125,0.312,0.73,us,us10004552,2015-12-09T13:06:19.040Z,"76km WSW of Ovalle, Chile",earthquake
2015-12-08T12:56:07.870Z,-30.7884,-71.7392,29.62,5.6,mb,,84,0.145,0.62,us,us1000454p,2015-12-08T18:57:09.000Z,"55km WSW of Ovalle, Chile",earthquake
2015-12-08T12:55:52.320Z,-15.1686,-174.924,247.35,4.8,mb,,64,6.157,0.6,us,us1000454t,2015-12-08T20:58:22.886Z,"152km NW of Hihifo, Tonga",earthquake
2015-12-08T09:28:03.170Z,30.9848,130.5356,127.01,4.8,mb,,58,0.527,1.4,us,us10004539,2015-12-08T17:30:45.854Z,"29km SSW of Ibusuki, Japan",earthquake
2015-12-08T05:54:25.210Z,17.2397,147.5666,28.23,4.9,mb,,77,4.465,1.08,us,us1000451k,2015-12-08T13:56:54.403Z,"213km ESE of Pagan, Northern Mariana Islands",earthquake
2015-12-08T04:17:50.850Z,38.3127,73.2614,10,4.7,mb,,216,1.488,0.91,us,us1000450u,2015-12-08T12:20:32.961Z,"63km WNW of Murghob, Tajikistan",earthquake
2015-12-07T23:27:20.090Z,39.1679,40.3265,10,4.5,mwr,,45,1.467,0.61,us,us100044xr,2015-12-08T07:29:52.479Z,"16km S of Kigi, Turkey",earthquake
2015-12-07T22:53:36.730Z,14.2148,-90.8528,108.62,5.7,mb,,91,1.458,1.26,us,us100044xh,2015-12-11T22:55:53.390Z,"1km NNW of Masagua, Guatemala",earthquake
2015-12-07T22:01:22.940Z,38.5733,72.8784,10,4.5,mb,,118,1.235,1.5,us,us100044wq,2015-12-08T06:03:52.207Z,"75km SW of Karakul, Tajikistan",earthquake
2015-12-07T18:54:33.250Z,38.754,73.1797,10,4.5,mb,,166,1.294,0.85,us,us100044tx,2015-12-08T02:57:01.386Z,"42km SW of Karakul, Tajikistan",earthquake
2015-12-07T18:48:55.840Z,-29.4948,-178.7819,287,4.6,mb,,107,0.785,0.94,us,us100044u0,2015-12-08T02:51:22.758Z,"89km WSW of Raoul Island, New Zealand",earthquake
2015-12-07T18:03:08.840Z,-18.5993,-69.6991,88.02,4.9,mb,,67,0.319,0.78,us,us100044sw,2015-12-07T18:55:22.689Z,"46km SSW of Putre, Chile",earthquake
2015-12-07T17:51:47.660Z,38.2571,72.9473,10,4.7,mb,,112,1.25,0.93,us,us100044sm,2015-12-08T01:54:19.877Z,"89km W of Murghob, Tajikistan",earthquake
2015-12-07T17:41:15.220Z,-30.3253,-72.2232,9.99,4.9,mb,,88,0.615,1.28,us,us100044sc,2015-12-08T01:43:43.771Z,"94km WSW of Coquimbo, Chile",earthquake
2015-12-07T16:35:15.540Z,4.8201,96.0787,9.78,4.7,mb,,123,0.955,0.87,us,us100044r3,2015-12-08T15:12:53.623Z,"49km SSW of Reuleuet, Indonesia",earthquake
2015-12-07T16:22:35.470Z,36.1604,140.7253,52.09,4.7,mb,,148,0.438,0.48,us,us100044qb,2015-12-09T03:59:13.996Z,"20km SSE of Oarai, Japan",earthquake
2015-12-07T15:23:57.050Z,38.5732,73.2312,12.29,4.8,mb,,80,1.435,0.96,us,us100044nz,2015-12-07T23:26:33.216Z,"55km SSW of Karakul, Tajikistan",earthquake
2015-12-07T14:27:17.100Z,38.422,73.0302,5.89,4.6,mb,,120,1.401,0.76,us,us100044ng,2015-12-07T22:29:58.705Z,"78km SW of Karakul, Tajikistan",earthquake
2015-12-07T13:51:15.310Z,39.0178,73.6709,25.69,4.5,mb,,82,1.521,0.47,us,us100044n7,2015-12-07T22:19:07.269Z,"9km ENE of Karakul, Tajikistan",earthquake
2015-12-07T13:50:43.600Z,39.1438,73.4289,10.57,4.5,ml,,94,1.305,0.55,us,us100044na,2015-12-07T21:53:12.165Z,"19km NW of Karakul, Tajikistan",earthquake
2015-12-07T12:59:14.390Z,3.6443,124.5872,307.71,4.5,mb,,84,3.981,1.01,us,us100044my,2015-12-07T21:01:58.027Z,"217km SSW of Sarangani, Philippines",earthquake
2015-12-07T12:52:24.660Z,0.2876,99.531,108.73,4.6,mb,,138,1.509,0.87,us,us100044mu,2015-12-07T20:54:52.764Z,"84km WNW of Bonjol, Indonesia",earthquake
2015-12-07T12:41:33.910Z,44.0735,147.9537,71.54,4.6,mb,,169,3.862,0.68,us,us100044ms,2015-12-07T20:44:12.247Z,"103km ENE of Shikotan, Russia",earthquake
2015-12-07T11:48:03.670Z,38.5131,73.0463,39.06,4.9,mb,,50,1.369,1.17,us,us100044ma,2015-12-07T19:50:39.902Z,"69km SW of Karakul, Tajikistan",earthquake
2015-12-07T10:34:26.120Z,38.218,72.7859,31.36,4.6,mb,,65,2.064,1.26,us,us100044ly,2015-12-07T11:07:52.250Z,"103km W of Murghob, Tajikistan",earthquake
2015-12-07T10:04:59.120Z,38.609,73.2491,23.7,5.4,mb,,57,1.653,1.02,us,us100044lp,2015-12-07T18:07:44.385Z,"51km SSW of Karakul, Tajikistan",earthquake
2015-12-07T09:44:09.420Z,16.9105,-98.9506,64.28,4.7,mb,,208,2.415,1.49,us,us100044la,2015-12-07T17:48:12.961Z,"23km NNE of Cuautepec, Mexico",earthquake
2015-12-07T09:43:04.850Z,2.9224,127.7799,120.11,4.8,mb,,165,2.175,0.69,us,us100044l9,2015-12-07T17:45:46.075Z,"134km N of Tobelo, Indonesia",earthquake
2015-12-07T09:24:57.890Z,38.6662,73.0701,34.87,4.8,mb,,54,1.279,1.47,us,us100044l6,2015-12-07T17:27:38.444Z,"56km SW of Karakul, Tajikistan",earthquake
2015-12-07T08:55:51.500Z,38.5676,73.3194,29.65,4.8,mb,,108,1.492,0.76,us,us100044kt,2015-12-07T17:05:40.121Z,"52km SSW of Karakul, Tajikistan",earthquake
2015-12-07T08:30:57.170Z,41.6814,74.6537,26.07,5.5,mb,,72,1.151,0.66,us,us100044km,2015-12-07T17:48:02.260Z,"29km SSE of Chayek, Kyrgyzstan",earthquake
2015-12-07T08:24:15.800Z,38.2018,72.7274,45.16,4.8,mb,,98,1.078,1.05,us,us100044kg,2015-12-07T08:58:00.422Z,"108km W of Murghob, Tajikistan",earthquake
2015-12-07T07:51:11.950Z,-31.3834,-71.377,48.36,5.6,mb,,74,0.741,0.93,us,us100044k5,2015-12-09T21:58:25.443Z,"34km NW of Illapel, Chile",earthquake
2015-12-07T07:50:06.610Z,38.2579,72.7669,26,7.2,mww,,22,1.138,1.13,us,us100044k6,2015-12-12T23:57:03.000Z,"105km W of Murghob, Tajikistan",earthquake
2015-12-07T05:18:46.560Z,-15.2064,-173.5125,35,4.8,mb,,86,5.153,0.79,us,us100044jv,2015-12-07T13:21:16.628Z,"86km NNE of Hihifo, Tonga",earthquake
2015-12-07T02:54:46.060Z,-17.796,-174.5888,64.55,5.1,mb,,78,7.011,1.36,us,us100044j9,2015-12-07T10:57:13.192Z,"114km NW of Neiafu, Tonga",earthquake
2015-12-07T01:47:05.150Z,-30.2818,-177.601,14.37,5.4,mb,,66,1.071,1.1,us,us100044iy,2015-12-07T09:49:39.066Z,"116km SSE of Raoul Island, New Zealand",earthquake
2015-12-06T23:17:57.750Z,-18.5365,-175.3961,215.41,4.7,mb,,89,5.208,1.22,us,us100044ie,2015-12-07T07:20:38.494Z,"149km W of Neiafu, Tonga",earthquake
2015-12-06T21:56:57.090Z,-17.9925,172.7748,31.98,4.9,mb,,82,5.032,0.93,us,us100044hx,2015-12-07T05:59:37.074Z,"Vanuatu region",earthquake
2015-12-06T21:33:51.210Z,47.7065,154.3293,46.65,4.9,mb,,136,5.82,0.68,us,us100044hn,2015-12-07T05:36:22.122Z,"Kuril Islands",earthquake
2015-12-06T20:54:40.460Z,-11.7231,117.473,34.46,4.6,mb,,103,4.597,0.83,us,us100044hf,2015-12-07T04:57:09.091Z,"285km SW of Panenggoede, Indonesia",earthquake
2015-12-06T19:51:35.310Z,-10.5767,164.2329,47.9,5.4,mb,,129,4.369,1.38,us,us100044h9,2015-12-07T03:54:04.141Z,"175km W of Lata, Solomon Islands",earthquake
2015-12-06T19:16:36.980Z,-48.25,-10.1337,10,5,mb,,78,17.501,1.1,us,us100044h6,2015-12-07T03:19:24.704Z,"Southern Mid-Atlantic Ridge",earthquake
2015-12-06T19:12:13.380Z,43.7212,147.3619,53.44,5,mb,,160,3.468,1.09,us,us100044h3,2015-12-07T03:14:44.935Z,"52km E of Shikotan, Russia",earthquake
2015-12-06T18:57:35.930Z,-19.5357,-178.2086,601.59,4.6,mb,,164,3.967,0.99,us,us100044h1,2015-12-07T03:01:19.174Z,"133km NNE of Ndoi Island, Fiji",earthquake
2015-12-06T17:09:28.800Z,-18.1903,-178.6798,544.33,5.8,mb,,87,3.141,1.04,us,us100044gf,2015-12-08T17:37:52.000Z,"272km N of Ndoi Island, Fiji",earthquake
2015-12-06T16:24:39.080Z,42.3407,15.2162,7.77,4.5,mwr,,27,0.705,0.65,us,us100044g7,2015-12-08T15:35:22.040Z,"43km NNE of Termoli, Italy",earthquake
2015-12-06T16:06:36.490Z,37.2956,71.5225,109.51,4.5,mb,,86,0.258,0.71,us,us100044g6,2015-12-07T15:32:54.910Z,"21km S of Khorugh, Tajikistan",earthquake
2015-12-06T14:52:10.390Z,-23.8378,179.099,565.18,4.6,mb,,87,6.006,0.86,us,us100044g1,2015-12-07T15:20:36.918Z,"South of the Fiji Islands",earthquake
2015-12-06T12:27:54.510Z,-23.2664,-67.6588,175.32,4.8,mb,,67,1.325,0.62,us,us100044fc,2015-12-06T20:30:39.561Z,"69km SE of San Pedro de Atacama, Chile",earthquake
2015-12-06T10:23:53.810Z,-0.0831,125.1831,46.03,4.6,mb,,60,2.342,0.92,us,us100044ev,2015-12-06T18:26:38.277Z,"124km SE of Modayag, Indonesia",earthquake
2015-12-06T10:19:15.760Z,28.659,141.3664,21.1,4.6,mb,,104,1.717,1.09,us,us100044eu,2015-12-06T18:21:59.345Z,"193km NNW of Chichi-shima, Japan",earthquake
2015-12-06T09:13:02.760Z,-30.0823,-176.2751,38.94,4.7,mb,,85,1.663,1.21,us,us100044ef,2015-12-06T17:15:36.215Z,"181km ESE of Raoul Island, New Zealand",earthquake
2015-12-06T08:53:27.490Z,-59.247,-25.8549,39.55,4.8,mb,,113,7.668,0.89,us,us100044ec,2015-12-06T17:04:34.110Z,"44km ESE of Bristol Island, South Sandwich Islands",earthquake
2015-12-06T05:16:08.700Z,5.151,94.6913,53.38,4.6,mb,,155,2.248,0.79,us,us100044dv,2015-12-06T13:18:38.051Z,"83km WSW of Banda Aceh, Indonesia",earthquake
2015-12-06T04:03:13.400Z,-7.3131,155.0214,51.9,5.3,mb,,60,4.207,1.06,us,us100044dd,2015-12-06T12:05:52.808Z,"121km SSW of Panguna, Papua New Guinea",earthquake
2015-12-05T23:14:16.650Z,-1.6545,145.1349,10,4.8,mb,,75,2.263,0.94,us,us100044bx,2015-12-06T07:16:50.724Z,"241km W of Lorengau, Papua New Guinea",earthquake
2015-12-05T22:59:34.670Z,43.8856,85.2362,10,5,mb,,43,3.573,0.98,us,us100044br,2015-12-06T07:02:06.247Z,"58km SSE of Dushanzi, China",earthquake
2015-12-05T19:10:53.440Z,-0.8109,122.3653,10,4.5,mb,,50,2.48,0.93,us,us100044b5,2015-12-06T03:14:15.949Z,"49km WNW of Luwuk, Indonesia",earthquake
2015-12-05T17:14:55.090Z,-26.6915,-177.2102,102.92,4.9,mb,,135,2.622,1.05,us,us100044at,2015-12-08T16:23:48.410Z,"293km NNE of Raoul Island, New Zealand",earthquake
2015-12-05T10:29:19.600Z,-22.5387,-70.2955,26.85,4.7,mb,,130,0.244,1.22,us,us100044a4,2015-12-05T21:28:14.040Z,"50km SSW of Tocopilla, Chile",earthquake
2015-12-05T06:51:35.150Z,-4.2414,106.7907,641.71,4.8,mb,,41,2.475,1.08,us,us1000449m,2015-12-05T08:05:28.574Z,"158km NE of Jepara, Indonesia",earthquake
2015-12-05T05:56:28.770Z,48.8245,153.2664,159.61,4.7,mb,,120,5.121,0.51,us,us1000449a,2015-12-05T13:59:05.585Z,"291km SW of Severo-Kuril'sk, Russia",earthquake
2015-12-05T03:50:48.570Z,-14.8013,167.5054,121.7,4.6,mb,,239,0.705,0.84,us,us10004493,2015-12-05T11:53:29.532Z,"56km ENE of Port-Olry, Vanuatu",earthquake
2015-12-05T02:10:02.180Z,-23.5624,-64.6939,21.1,5.2,mb,,29,3.996,1.48,us,us1000448u,2015-12-05T03:16:22.032Z,"22km NNW of Caimancito, Argentina",earthquake
2015-12-04T22:24:55.830Z,-47.6429,85.0934,10,7.1,mww,,13,10.028,1.28,us,us100043z2,2015-12-08T23:56:07.094Z,"Southeast Indian Ridge",earthquake
2015-12-04T20:22:18.350Z,-53.9693,-2.4045,15.52,5,mb,,110,17.771,0.58,us,us100043fl,2015-12-05T20:25:28.322Z,"Southern Mid-Atlantic Ridge",earthquake
2015-12-04T19:23:17.920Z,28.9766,51.9519,39.21,5,mb,,37,5.524,1,us,us100043er,2015-12-05T20:23:48.829Z,"62km WNW of Firuzabad, Iran",earthquake
2015-12-04T18:50:44.950Z,-40.5996,174.2717,66.87,4.8,mb,,44,0.865,1.14,us,us100043ef,2015-12-05T20:07:34.661Z,"72km WNW of Paraparaumu, New Zealand",earthquake
2015-12-04T17:57:25.870Z,-31.1815,-68.2309,100.17,4.5,mb,,139,0.531,1.44,us,us100043e9,2015-12-05T20:03:40.762Z,"38km NNE of San Martin, Argentina",earthquake
2015-12-04T17:02:48.830Z,-4.8134,144.1973,106.23,4.8,mb,,37,4.192,0.91,us,us100043dy,2015-12-05T19:05:15.955Z,"84km S of Angoram, Papua New Guinea",earthquake
2015-12-04T15:58:55.200Z,-14.8649,167.4863,120.15,4.5,mb,,146,0.64,0.96,us,us100043cc,2015-12-05T00:01:24.929Z,"51km ENE of Port-Olry, Vanuatu",earthquake
2015-12-04T13:27:05.840Z,57.6537,120.6757,20.5,4.7,mb,,39,6.31,1,us,us100043ar,2015-12-04T21:29:45.345Z,"167km ENE of Chara, Russia",earthquake
2015-12-04T11:33:06.780Z,-6.3301,154.6517,69.23,4.8,mb,,65,3.264,0.99,us,us100043a8,2015-12-04T19:35:51.690Z,"92km W of Panguna, Papua New Guinea",earthquake
2015-12-04T07:37:22.200Z,-34.0691,-109.3351,10,4.9,mb,,92,6.92,0.55,us,us10004396,2015-12-04T15:39:58.517Z,"Southern East Pacific Rise",earthquake
2015-12-04T04:56:17.790Z,-30.5654,-72.1056,17.02,4.5,mb,,116,0.419,1.28,us,us1000438f,2015-12-05T21:36:11.040Z,"86km W of Ovalle, Chile",earthquake
2015-12-04T04:25:50.840Z,21.4675,145.7271,10,5.6,mb,,67,5.099,0.84,us,us1000438a,2015-12-04T16:22:48.000Z,"134km NE of Farallon de Pajaros, Northern Mariana Islands",earthquake
2015-12-04T01:48:40.120Z,-33.9756,-109.2289,10,4.8,mb,,80,6.795,0.55,us,us10004380,2015-12-04T09:51:22.085Z,"Southern East Pacific Rise",earthquake
2015-12-03T23:55:54.560Z,0.0947,123.6962,135.48,4.6,mb,,36,3.084,0.79,us,us1000436g,2015-12-04T07:58:33.006Z,"45km SW of Molibagu, Indonesia",earthquake
2015-12-03T15:55:15.090Z,-33.9831,-109.326,14.88,5,mb,,62,29.161,0.7,us,us1000431u,2015-12-04T15:25:09.502Z,"Southern East Pacific Rise",earthquake
2015-12-03T15:32:02.180Z,-3.1098,-75.7739,114,4.8,mb,,134,4.268,1.13,us,us1000431r,2015-12-04T15:18:10.771Z,"216km NNE of Barranca, Peru",earthquake
2015-12-03T15:29:08.570Z,-5.6758,149.7514,146.35,5.3,mb,,31,2.819,1.09,us,us1000431p,2015-12-04T15:01:21.388Z,"45km WSW of Kimbe, Papua New Guinea",earthquake
2015-12-03T14:31:12.630Z,22.5944,121.4241,17.69,5.1,mb,,90,0.387,1.13,us,us1000431g,2015-12-04T03:41:17.107Z,"33km ESE of Taitung City, Taiwan",earthquake
2015-12-03T11:41:31.680Z,16.6734,-93.408,155.78,4.7,mb,,151,1.28,1.2,us,us1000430u,2015-12-03T19:44:10.703Z,"11km SSW of Ocozocuautla, Mexico",earthquake
2015-12-03T08:32:46.080Z,-29.7343,-71.6895,34.29,5.2,mb,,88,0.432,0.55,us,us100042yl,2015-12-03T16:35:18.819Z,"41km NW of Coquimbo, Chile",earthquake
2015-12-03T03:17:35.390Z,2.6595,95.6418,29.68,4.7,mb,,163,2.355,0.83,us,us100042wu,2015-12-03T11:20:20.347Z,"84km WNW of Sinabang, Indonesia",earthquake
2015-12-03T03:15:14.460Z,2.6789,95.6059,29.14,4.7,mb,,213,2.395,0.89,us,us100042wt,2015-12-03T11:17:58.734Z,"88km WNW of Sinabang, Indonesia",earthquake
2015-12-03T03:02:36.170Z,-34.6079,-109.3666,15.32,5.2,mb,,63,7.424,0.79,us,us100042wp,2015-12-03T11:05:03.517Z,"Southern East Pacific Rise",earthquake
2015-12-03T00:23:56.400Z,-34.5173,-109.1593,10,5,mb,,157,29.61,0.89,us,us100042w1,2015-12-03T08:26:26.314Z,"Southern East Pacific Rise",earthquake
2015-12-03T00:21:08.770Z,-34.4576,-109.0775,10,4.8,mb,,68,40.856,1.02,us,us100042w3,2015-12-03T08:23:45.307Z,"Southern East Pacific Rise",earthquake
2015-12-02T23:27:09.250Z,39.2233,40.2636,6.34,5.5,mb,,24,1.534,1.04,us,us100042v4,2015-12-03T04:40:09.658Z,"12km SW of Kigi, Turkey",earthquake
2015-12-02T22:07:53.610Z,-0.0299,123.1852,145.4,4.7,mb,,47,2.657,1.19,us,us100042ui,2015-12-03T06:10:37.723Z,"45km S of Bilungala, Indonesia",earthquake
2015-12-02T21:19:33.590Z,11.5982,-87.288,35.02,4.5,mb,,183,1.115,0.77,us,us100042tz,2015-12-03T05:22:12.907Z,"86km WSW of Masachapa, Nicaragua",earthquake
2015-12-02T20:01:03.860Z,44.1211,148.7088,59.93,4.8,mb,,134,4.403,0.76,us,us100042sx,2015-12-03T04:03:33.486Z,"139km SSE of Kuril'sk, Russia",earthquake
2015-12-02T19:32:54.420Z,-0.9405,121.3933,37.75,4.7,mb,,64,2.127,0.88,us,us100042sn,2015-12-03T03:35:37.956Z,"87km NE of Poso, Indonesia",earthquake
2015-12-02T12:12:39.700Z,-16.7969,175.1733,66.18,4.7,mb,,131,7.776,0.63,us,us100042p1,2015-12-02T20:15:22.309Z,"260km WNW of Lautoka, Fiji",earthquake
2015-12-02T10:08:29.680Z,-6.2678,154.6734,63.28,5.3,mb,,51,3.24,0.73,us,us100042nk,2015-12-02T18:11:02.551Z,"89km W of Panguna, Papua New Guinea",earthquake
2015-12-02T10:05:25.000Z,61.6985,-147.2653,35.8,4.6,ml,,,,0.62,ak,ak12107786,2015-12-08T09:06:06.914Z,"82km NW of Valdez, Alaska",earthquake
2015-12-02T10:02:15.660Z,35.9738,69.3187,41.35,4.5,mb,,97,1.447,0.75,us,us100042nd,2015-12-02T18:05:00.809Z,"19km ESE of Nahrin, Afghanistan",earthquake
2015-12-02T10:00:51.000Z,-4.8864,152.517,49.74,4.7,mb,,161,0.775,1.08,us,us100042nh,2015-12-02T18:03:35.235Z,"65km SSE of Kokopo, Papua New Guinea",earthquake
2015-12-02T09:38:27.570Z,-30.4177,-72.1355,10,4.8,mwr,,91,0.501,1.59,us,us100042n3,2015-12-02T17:41:05.327Z,"91km WNW of Ovalle, Chile",earthquake
2015-12-02T06:48:06.660Z,39.0406,144.6888,17.64,4.8,mb,,137,3.192,0.81,us,us100042mm,2015-12-02T14:50:50.065Z,"241km E of Yamada, Japan",earthquake
2015-12-02T05:21:57.650Z,24.1464,121.934,18.35,4.7,mb,,86,0.311,1.07,us,us100042m5,2015-12-02T13:24:29.267Z,"38km ENE of Hualian, Taiwan",earthquake
2015-12-02T04:41:19.640Z,38.4043,141.8714,59.3,4.6,mb,,133,1.006,0.8,us,us100042m1,2015-12-03T04:29:12.492Z,"49km E of Ishinomaki, Japan",earthquake
2015-12-02T00:51:47.470Z,17.1547,147.598,10,4.8,mb,,146,1.98,0.92,us,us100042lk,2015-12-02T08:54:13.528Z,"220km ESE of Pagan, Northern Mariana Islands",earthquake
2015-12-01T22:48:06.410Z,38.6922,142.3056,30.05,4.7,mb,,135,1.448,0.96,us,us100042kn,2015-12-02T06:50:45.065Z,"66km SE of Ofunato, Japan",earthquake
2015-12-01T20:20:12.730Z,-6.9813,155.5593,53.32,5,mb,,93,4.37,0.59,us,us100042jf,2015-12-02T19:55:30.390Z,"73km S of Panguna, Papua New Guinea",earthquake
2015-12-01T17:08:25.150Z,-14.8957,-176.5845,10,5.8,mww,,54,5.876,1.39,us,us100042gv,2015-12-02T18:29:02.454Z,"182km ESE of Sigave, Wallis and Futuna",earthquake
2015-12-01T14:46:42.640Z,3.0989,97.9969,79.31,4.5,mb,,118,1.832,0.36,us,us100042g1,2015-12-01T22:49:10.813Z,"54km W of Kabanjahe, Indonesia",earthquake
2015-12-01T13:39:53.280Z,-16.3765,-71.1769,98.88,5.3,mb,,75,2.137,0.82,us,us100042fk,2015-12-02T22:07:12.945Z,"38km E of Arequipa, Peru",earthquake
2015-12-01T12:25:02.350Z,-14.8351,-172.893,35,4.9,mb,,96,5.083,0.94,us,us100042f8,2015-12-01T20:27:44.298Z,"129km SSW of Gataivai, Samoa",earthquake
2015-12-01T12:14:24.150Z,0.9561,127.4648,24.13,5,mb,,81,0.207,0.87,us,us100042f0,2015-12-01T20:17:07.642Z,"18km NNE of Ternate, Indonesia",earthquake
2015-12-01T12:08:34.390Z,-30.2946,-71.3591,43.28,4.9,mb,,113,0.389,0.65,us,us100042ev,2015-12-01T20:11:12.348Z,"36km NNW of Ovalle, Chile",earthquake
2015-12-01T07:26:14.540Z,-31.591,-71.474,43.41,4.9,mb,,80,0.924,0.59,us,us100042dx,2015-12-01T15:28:47.508Z,"29km W of Illapel, Chile",earthquake
2015-12-01T07:20:37.020Z,-24.233,-67.1151,172.4,4.5,mb,,75,2.307,1.04,us,us100042dv,2015-12-01T15:23:15.276Z,"80km W of San Antonio de los Cobres, Argentina",earthquake
2015-12-01T06:13:44.350Z,41.3941,73.1912,48.21,5.2,mb,,46,1.576,0.8,us,us100042du,2015-12-03T11:03:54.327Z,"40km S of Uch-Terek, Kyrgyzstan",earthquake
2015-12-01T04:11:03.630Z,-20.3556,-175.4193,201.78,4.9,mb,,120,5.327,0.89,us,us100042dd,2015-12-01T12:13:39.974Z,"89km NNW of Nuku`alofa, Tonga",earthquake
2015-11-30T22:23:16.980Z,-12.1102,167.1909,265.73,4.8,mb,,47,3.317,0.81,us,us100042ar,2015-12-01T06:25:56.793Z,"199km N of Sola, Vanuatu",earthquake
2015-11-30T20:37:22.360Z,20.7689,121.822,10,4.6,mb,,141,2.152,0.89,us,us1000429y,2015-12-01T04:40:30.462Z,"2km SW of Itbayat, Philippines",earthquake
2015-11-30T20:19:05.220Z,-8.7814,67.7027,10,4.9,mb,,68,4.895,0.91,us,us1000429g,2015-12-01T04:21:35.081Z,"Mid-Indian Ridge",earthquake
2015-11-30T16:50:28.240Z,-58.7208,-25.321,35,4.9,mb,,84,19.053,0.75,us,us10004285,2015-12-01T00:53:11.152Z,"77km ENE of Bristol Island, South Sandwich Islands",earthquake
2015-11-30T14:45:22.370Z,-24.2813,-66.9803,158.95,5.1,mb,,38,2.429,0.8,us,us1000426g,2015-11-30T22:47:55.377Z,"67km W of San Antonio de los Cobres, Argentina",earthquake
2015-11-30T11:50:33.200Z,10.47,-63.65,5,4.7,mb,,,,1.07,us,us1000425i,2015-12-13T13:31:06.506Z,"10km WSW of Cariaco, Venezuela",earthquake
2015-11-30T09:49:13.490Z,36.7371,-98.0061,5,4.7,mwr,,67,0.163,0.56,us,us1000424d,2015-12-10T19:48:57.239Z,"25km WSW of Medford, Oklahoma",earthquake
2015-11-30T05:42:36.710Z,28.5617,130.5405,10,4.7,mb,,72,2.645,0.62,us,us1000423c,2015-11-30T13:45:20.879Z,"105km ENE of Naze, Japan",earthquake
2015-11-30T03:41:43.970Z,-27.7211,65.1459,10,4.5,mb,,135,44.509,0.38,us,us1000432a,2015-12-11T05:38:57.615Z,"Indian Ocean Triple Junction",earthquake
2015-11-29T23:45:55.210Z,54.5957,161.7682,39.69,4.6,mb,,59,2.429,0.84,us,us100042zu,2015-12-13T01:53:01.486Z,"187km SSW of Ust'-Kamchatsk Staryy, Russia",earthquake
2015-11-29T18:52:49.500Z,-23.5414,-64.605,9.63,5.9,mwp,,33,4.071,1.39,us,us1000421x,2015-12-01T19:17:51.000Z,"17km NW of Yuto, Argentina",earthquake
2015-11-29T14:42:27.870Z,-5.4035,145.6603,85.64,4.7,mb,,80,3.746,0.88,us,us1000421m,2015-11-29T22:45:10.556Z,"24km SW of Madang, Papua New Guinea",earthquake
2015-11-29T12:11:03.580Z,-32.5659,-177.9926,10,4.9,mb,,193,6.944,0.76,us,us100042zh,2015-12-13T07:45:41.647Z,"152km SE of L'Esperance Rock, New Zealand",earthquake
2015-11-29T11:52:32.800Z,-1.3877,-15.0306,10,4.8,mb,,85,6.536,1.03,us,us10004300,2015-12-13T07:33:02.721Z,"North of Ascension Island",earthquake
2015-11-29T09:48:20.410Z,31.2913,129.2914,25.38,4.6,mb,,96,1.016,0.71,us,us1000420t,2015-12-12T16:22:58.580Z,"97km W of Makurazaki, Japan",earthquake
2015-11-29T07:34:17.590Z,-15.7965,-175.2565,304.31,4.6,mb,,69,6.042,0.87,us,us1000420c,2015-11-29T15:36:54.787Z,"162km W of Hihifo, Tonga",earthquake
2015-11-29T01:51:49.440Z,4.1257,126.7606,50.33,4.6,mb,,76,3.152,0.96,us,us100041z9,2015-11-29T09:54:16.622Z,"201km SE of Sarangani, Philippines",earthquake
2015-11-29T00:28:12.340Z,38.8709,37.7549,10,4.9,mb,,29,1.489,1,us,us100041yx,2015-11-29T08:30:42.660Z,"7km E of Kulucak, Turkey",earthquake
2015-11-28T23:47:38.830Z,10.4842,-86.134,27.05,4.9,mb,,161,0.576,1.17,us,us100041yi,2015-11-29T03:24:48.014Z,"53km W of Sardinal, Costa Rica",earthquake
2015-11-28T23:27:49.260Z,-5.1542,102.0092,33.27,4.5,mb,,190,1.229,0.56,us,us100041yg,2015-11-29T07:30:19.080Z,"152km S of Bengkulu, Indonesia",earthquake
2015-11-28T22:32:28.860Z,3.7548,126.8796,47.58,5.3,mb,,111,3.002,0.86,us,us100041yc,2015-11-29T06:35:12.115Z,"240km SE of Sarangani, Philippines",earthquake
2015-11-28T22:19:27.400Z,-15.1977,-173.2613,10,4.8,mb,,101,5.003,1.48,us,us100041ya,2015-11-29T06:22:07.295Z,"98km NNE of Hihifo, Tonga",earthquake
2015-11-28T21:42:18.510Z,67.6351,142.7291,10,4.6,mb,,70,6.275,0.7,us,us100041y5,2015-11-29T05:44:49.479Z,"126km WSW of Druzhina, Russia",earthquake
2015-11-28T18:20:19.710Z,17.2461,-96.5769,61.34,4.5,mb,,170,4.36,0.83,us,us100041xd,2015-12-01T16:16:41.049Z,"18km NNE of San Andres Huayapan, Mexico",earthquake
2015-11-28T17:45:03.580Z,6.7087,-73.0293,167.21,4.9,mb,,38,2.254,1.33,us,us100041x9,2015-12-01T16:01:53.430Z,"1km NNW of Aratoca, Colombia",earthquake
2015-11-28T17:25:54.500Z,4.6182,95.1121,56.48,4.7,mb,,138,1.926,1.1,us,us100041x8,2015-12-01T15:01:38.739Z,"106km SSW of Banda Aceh, Indonesia",earthquake
2015-11-28T14:47:20.640Z,-6.9732,105.964,68.15,5.5,mb,,51,3.962,1.15,us,us100041wc,2015-11-29T21:49:22.040Z,"17km SSE of Binuangeun, Indonesia",earthquake
2015-11-28T14:44:23.100Z,-18.8992,-177.7213,628.82,4.9,mb,,132,4.175,0.97,us,us100041wb,2015-11-28T22:46:51.539Z,"219km NNE of Ndoi Island, Fiji",earthquake
2015-11-28T13:39:23.800Z,3.7376,126.9568,87.75,5.1,mb,,111,2.974,1.15,us,us100041vx,2015-11-28T21:42:00.082Z,"247km SE of Sarangani, Philippines",earthquake
2015-11-28T13:11:38.980Z,15.2023,59.4755,10,5.6,mb,,29,5.959,1.25,us,us100041vv,2015-11-29T02:13:28.040Z,"Owen Fracture Zone region",earthquake
2015-11-28T12:13:07.500Z,30.2947,131.3723,30.72,4.6,mb,,81,1.445,0.61,us,us100041vm,2015-12-12T15:16:18.039Z,"60km SE of Nishinoomote, Japan",earthquake
2015-11-28T11:00:19.790Z,4.0503,-71.2385,14.85,4.8,mb,,73,20.441,0.65,us,us100042pv,2015-12-12T14:35:58.328Z,"82km S of Orocue, Colombia",earthquake
2015-11-28T10:59:11.700Z,3.8679,-71.182,16.16,4.7,mb,,100,3.277,0.81,us,us100041vi,2015-11-28T19:01:56.354Z,"103km S of Orocue, Colombia",earthquake
2015-11-28T10:21:58.060Z,-4.5966,149.6344,571.3,4.6,mb,,23,2.554,0.83,us,us100041vd,2015-11-28T18:24:36.104Z,"119km NNW of Kimbe, Papua New Guinea",earthquake
2015-11-28T09:56:31.980Z,52.6888,152.6781,510.11,4.7,mb,,102,3.069,0.92,us,us100041va,2015-11-28T17:59:11.193Z,"294km WNW of Ozernovskiy, Russia",earthquake
2015-11-28T05:44:40.840Z,-30.339,-72.0603,10,5.2,mb,,85,0.496,1.01,us,us100041ui,2015-12-02T18:22:25.000Z,"81km WSW of Coquimbo, Chile",earthquake
2015-11-28T02:51:06.650Z,43.342,146.4829,59.91,5.9,mb,,46,2.787,1.09,us,us100041u7,2015-11-29T01:57:19.000Z,"54km SSW of Shikotan, Russia",earthquake
2015-11-28T00:52:23.280Z,25.2722,122.2058,212.17,4.6,mb,,50,0.708,0.77,us,us100041u0,2015-12-11T05:37:00.930Z,"49km ENE of Keelung, Taiwan",earthquake
2015-11-27T23:13:07.030Z,-9.3035,124.1779,95.87,4.5,mb,,65,0.457,1.31,us,us100041tv,2015-12-12T03:35:56.332Z,"36km WNW of Kefamenanu, Indonesia",earthquake
2015-11-27T21:45:13.000Z,-24.74,-70.547,38.9,4.7,mwr,,,,1.46,us,us100041th,2015-12-11T05:15:00.619Z,"73km N of Taltal, Chile",earthquake
2015-11-27T21:00:23.050Z,-24.8261,-70.6113,35,6.2,mww,,44,0.274,1.22,us,us100041t7,2015-12-11T04:25:58.853Z,"64km NNW of Taltal, Chile",earthquake
2015-11-27T16:35:50.760Z,-6.8877,103.9094,38.76,4.5,mb,,168,2.684,0.81,us,us100041sl,2015-11-28T00:38:20.114Z,"172km S of Biha, Indonesia",earthquake
2015-11-27T15:46:43.570Z,2.8393,96.5427,57.04,5,mb,,135,1.841,0.9,us,us100041qz,2015-11-27T23:49:28.542Z,"43km NNE of Sinabang, Indonesia",earthquake
2015-11-27T12:51:06.270Z,40.306,142.1777,51.55,4.6,mb,,96,1.241,1.03,us,us100041qr,2015-11-27T13:51:00.977Z,"61km ESE of Hachinohe, Japan",earthquake
2015-11-27T12:04:20.280Z,22.6144,95.0403,23.25,4.6,mb,,63,4.135,0.63,us,us100041qe,2015-11-27T20:06:59.089Z,"55km N of Monywa, Burma",earthquake
2015-11-27T11:46:27.650Z,13.0735,-88.9785,61.78,5.4,mb,,113,0.657,1.43,us,us100041q5,2015-11-28T16:00:04.748Z,"47km S of El Rosario, El Salvador",earthquake
2015-11-27T11:40:37.810Z,34.9064,73.9552,25.12,4.9,mb,,63,1.375,0.67,us,us100041q3,2015-11-27T17:05:16.764Z,"37km N of Athmuqam, Pakistan",earthquake
2015-11-27T08:48:22.770Z,56.0051,164.5968,31.26,4.6,mb,,128,4.574,0.56,us,us100041nv,2015-11-27T16:51:20.378Z,"126km NW of Nikol'skoye, Russia",earthquake
2015-11-27T08:33:59.690Z,22.4973,94.8237,22.42,5.5,mb,,23,4.086,1.17,us,us100041nt,2015-11-28T04:19:45.273Z,"52km NW of Monywa, Burma",earthquake
2015-11-27T06:55:03.410Z,-8.4002,125.1723,51.45,4.6,mb,,52,1.616,0.78,us,us100041nc,2015-11-27T14:57:44.126Z,"47km WNW of Dili, East Timor",earthquake
2015-11-27T06:31:36.400Z,1.1819,126.9397,53.09,4.5,mb,,94,0.59,0.82,us,us100041n6,2015-11-27T14:34:06.637Z,"64km NW of Kota Ternate, Indonesia",earthquake
2015-11-27T02:53:08.370Z,-17.3105,-172.2436,10,4.8,mb,,58,2.816,1.49,us,us100041me,2015-11-27T10:55:52.216Z,"220km SE of Hihifo, Tonga",earthquake
2015-11-27T02:26:01.870Z,27.2394,129.8982,38.76,4.7,mb,,113,1.504,1.12,us,us100041ma,2015-11-27T10:28:44.792Z,"131km SSE of Naze, Japan",earthquake
2015-11-27T01:36:51.330Z,-22.4815,170.4375,35.33,4.8,mb,,124,2.445,0.71,us,us100041m6,2015-11-27T09:39:29.422Z,"166km W of Ile Hunter, New Caledonia",earthquake
2015-11-27T00:52:54.160Z,-9.3191,-71.1542,609.43,5.1,mb,,67,2.201,0.88,us,us100041lm,2015-12-08T04:58:43.422Z,"134km SSW of Tarauaca, Brazil",earthquake
2015-11-26T22:33:06.000Z,-23.534,-64.7011,20.16,4.9,mb,,47,3.983,1.01,us,us100041l8,2015-12-12T04:26:53.973Z,"25km NNW of Caimancito, Argentina",earthquake
2015-11-26T20:00:01.810Z,-3.1342,137.3243,53.96,4.5,mb,,181,5.072,1.01,us,us100041ks,2015-11-27T04:02:47.904Z,"138km NE of Enarotali, Indonesia",earthquake
2015-11-26T19:48:18.560Z,0.9139,127.4941,9.63,4.6,mb,,141,0.19,1.07,us,us100041kq,2015-11-27T03:50:52.037Z,"16km NE of Ternate, Indonesia",earthquake
2015-11-26T18:41:54.670Z,14.4606,54.9551,10,4.9,mb,,91,2.146,1.02,us,us100041ka,2015-11-27T02:44:26.857Z,"223km NNE of Tamrida, Yemen",earthquake
2015-11-26T18:40:30.340Z,14.6134,54.8573,10,4.7,mb,,77,2.246,1.59,us,us100041k8,2015-11-27T02:43:03.080Z,"234km NNE of Tamrida, Yemen",earthquake
2015-11-26T18:11:34.620Z,-35.755,179.2041,77.28,4.8,mb,,225,1.942,1.91,us,us100041k7,2015-11-27T02:14:18.354Z,"Off the east coast of the North Island of New Zealand",earthquake
2015-11-26T13:51:32.740Z,-17.6735,179.8372,618.9,5,mb,,35,1.702,1.03,us,us100041iu,2015-11-26T21:54:10.747Z,"147km SSE of Lambasa, Fiji",earthquake
2015-11-26T13:42:24.670Z,-9.7948,-71.2535,609.58,4.9,mb,,64,2.503,0.88,us,us100041im,2015-11-26T21:44:51.846Z,"188km SSW of Tarauaca, Brazil",earthquake
2015-11-26T12:59:22.780Z,-44.5365,37.5394,10,4.9,mb,,42,17.818,0.59,us,us100041ik,2015-11-26T21:01:52.849Z,"264km N of Marion Island, Prince Edward Islands",earthquake
2015-11-26T08:56:10.000Z,-22.6714,171.1915,56.55,4.6,mb,,109,3.162,1.18,us,us100041hu,2015-11-26T16:59:16.234Z,"93km WSW of Ile Hunter, New Caledonia",earthquake
2015-11-26T07:34:52.070Z,-44.4543,37.7748,10,4.7,mb,,52,17.903,0.57,us,us100041hm,2015-11-26T15:37:29.651Z,"273km N of Marion Island, Prince Edward Islands",earthquake
2015-11-26T05:45:18.300Z,-9.1912,-71.288,599.35,6.7,mwb,,19,2.018,1.19,us,us100041f1,2015-11-27T15:46:32.000Z,"127km SSW of Tarauaca, Brazil",earthquake
2015-11-26T02:49:28.580Z,-20.5112,-177.9321,551.64,4.9,mb,,47,4.688,0.97,us,us100041ea,2015-11-26T10:51:58.362Z,"81km E of Ndoi Island, Fiji",earthquake
2015-11-26T01:47:55.860Z,18.4069,-70.4599,10,4.9,mb,,34,0.518,1.15,us,us100041dx,2015-11-26T18:58:43.245Z,"16km SSE of San Jose de Ocoa, Dominican Republic",earthquake
2015-11-26T00:38:16.170Z,18.4248,-70.4216,10,4.8,mb,,32,0.48,1.3,us,us100041dj,2015-11-29T03:55:28.104Z,"16km SSE of San Jose de Ocoa, Dominican Republic",earthquake
2015-11-26T00:17:23.790Z,-4.7948,145.1427,195.67,5.1,mb,,57,3.52,0.82,us,us100041dh,2015-11-26T08:19:52.138Z,"86km WNW of Madang, Papua New Guinea",earthquake
2015-11-25T21:17:18.590Z,31.9741,49.5721,10,5.4,mb,,44,8.051,1.18,us,us100041c9,2015-11-26T06:33:17.067Z,"25km E of Masjed Soleyman, Iran",earthquake
2015-11-25T20:57:58.770Z,-29.3883,-72.1971,10,4.6,mb,,99,0.987,0.88,us,us100041c0,2015-11-26T05:00:27.318Z,"103km NW of Coquimbo, Chile",earthquake
2015-11-25T19:39:54.250Z,-15.4132,167.62,103.11,4.9,mb,,141,0.403,0.78,us,us100041b7,2015-11-25T20:15:49.801Z,"50km ENE of Luganville, Vanuatu",earthquake
2015-11-25T18:57:41.440Z,1.4277,126.2932,32.33,5.7,mb,,25,1.255,0.95,us,us100041ay,2015-12-01T21:01:29.000Z,"123km E of Bitung, Indonesia",earthquake
2015-11-25T18:18:00.030Z,46.1281,154.1536,34.04,4.7,mb,,176,7.355,1.13,us,us100041ap,2015-11-26T02:20:43.267Z,"East of the Kuril Islands",earthquake
2015-11-25T16:15:10.640Z,26.4076,92.9745,54.52,4.7,mb,,60,3.666,0.77,us,us1000419g,2015-12-09T00:36:37.567Z,"30km SE of Tezpur, India",earthquake
2015-11-25T11:23:03.310Z,4.2072,125.7994,153.64,5,mb,,73,3.754,0.9,us,us1000417j,2015-11-25T19:25:35.714Z,"137km SSE of Sarangani, Philippines",earthquake
2015-11-25T10:23:03.060Z,14.1185,-91.2123,80.41,4.7,mb,,167,1.225,0.97,us,us10004173,2015-11-25T21:51:54.105Z,"13km SE of Nueva Concepcion, Guatemala",earthquake
2015-11-25T09:38:13.090Z,-0.0774,29.7817,10,4.5,mb,,85,1.089,0.89,us,us100041ch,2015-11-26T13:01:59.016Z,"39km SW of Kilembe, Uganda",earthquake
2015-11-25T09:26:23.460Z,-8.5373,-71.3752,641.86,4.6,mb,,64,1.541,0.79,us,us1000416q,2015-11-25T17:30:23.534Z,"78km WSW of Tarauaca, Brazil",earthquake
2015-11-25T04:46:50.250Z,31.5176,140.3802,136.85,4.9,mb,,145,1.663,0.83,us,us1000415h,2015-11-25T12:49:26.694Z,"182km SSE of Hachijo-jima, Japan",earthquake
2015-11-25T02:44:44.120Z,-32.8814,-178.2975,10,4.5,mb,,205,3.638,0.46,us,us100041r4,2015-12-09T05:34:56.117Z,"170km SSE of L'Esperance Rock, New Zealand",earthquake
2015-11-25T00:28:16.830Z,-11.0331,-70.8484,597.09,4.7,mb,,37,3.758,0.83,us,us10004132,2015-12-09T00:09:24.182Z,"142km WNW of Iberia, Peru",earthquake
2015-11-25T00:19:16.290Z,12.3455,-86.4235,9.83,4.7,mb,,136,0.172,1.17,us,us1000412r,2015-12-08T23:58:54.700Z,"17km ENE of Nagarote, Nicaragua",earthquake
2015-11-24T23:44:14.010Z,-10.5573,-70.9903,595.15,4.6,mb,,40,3.28,1.07,us,us10004112,2015-12-09T04:30:54.159Z,"177km WNW of Iberia, Peru",earthquake
2015-11-24T23:42:07.020Z,-31.7262,-71.9113,15.42,4.7,mb,,119,1.075,0.66,us,us1000410u,2015-12-09T04:13:55.863Z,"71km W of Illapel, Chile",earthquake
2015-11-24T22:50:53.770Z,-10.0475,-71.0226,611.71,7.6,mww,,15,2.84,0.99,us,us100040x6,2015-11-26T00:49:02.039Z,"210km S of Tarauaca, Brazil",earthquake
2015-11-24T22:45:38.060Z,-10.5484,-70.9038,600.63,7.6,mww,,16,3.317,0.93,us,us100040ww,2015-12-08T13:51:47.576Z,"169km WNW of Iberia, Peru",earthquake
2015-11-24T21:19:55.670Z,-31.8533,-72.2393,10,4.7,mb,,150,1.272,0.9,us,us100040vb,2015-11-25T05:22:38.582Z,"104km WSW of Illapel, Chile",earthquake
2015-11-24T21:15:04.770Z,-14.4053,167.299,152.85,4.8,mb,,114,1.039,0.82,us,us100040va,2015-11-25T05:18:02.432Z,"63km SSW of Sola, Vanuatu",earthquake
2015-11-24T20:45:52.600Z,2.9349,127.2941,62.79,4.5,mb,,127,2.149,1.1,us,us100040ut,2015-11-25T17:40:05.065Z,"155km NNW of Tobelo, Indonesia",earthquake
2015-11-24T20:45:02.290Z,-0.1182,-17.8184,10,5.5,mwb,,33,8.493,0.9,us,us100040uv,2015-11-25T17:35:49.193Z,"North of Ascension Island",earthquake
2015-11-24T19:25:25.850Z,-22.5077,-176.8688,123.16,4.9,mb,,80,7.336,1.2,us,us100040u4,2015-11-25T16:25:59.006Z,"225km SW of Vaini, Tonga",earthquake
2015-11-24T18:17:58.490Z,-5.6016,147.5343,171.84,4.7,mb,,37,3.796,0.9,us,us100040tq,2015-11-25T16:19:49.311Z,"116km NNW of Finschhafen, Papua New Guinea",earthquake
2015-11-24T13:21:35.800Z,18.7906,145.3115,586.23,6,mww,,12,2.465,0.8,us,us100040q8,2015-11-24T21:24:18.270Z,"37km W of Agrihan, Northern Mariana Islands",earthquake
2015-11-24T09:39:03.930Z,38.715,20.5222,5.89,4.9,mb,,75,1.448,1.13,us,us100040mz,2015-11-24T17:41:38.309Z,"16km W of Nidri, Greece",earthquake
2015-11-24T09:14:16.550Z,-31.8424,-72.2058,13.88,4.8,mb,,138,1.263,0.98,us,us100040mw,2015-11-25T17:59:00.000Z,"101km WSW of Illapel, Chile",earthquake
2015-11-24T08:36:55.040Z,9.8462,124.2518,10,4.5,mb,,112,7.351,1.37,us,us100040vt,2015-12-06T07:27:25.481Z,"3km E of Buenavista, Philippines",earthquake
2015-11-24T02:46:04.960Z,-24.5447,-173.8371,15.03,5.1,mb,,257,5.937,1.37,us,us100040m3,2015-11-24T17:02:00.040Z,"South of Tonga",earthquake
2015-11-24T02:06:35.170Z,14.4611,-60.2609,52.09,4.6,mb,,109,0.579,0.81,us,us100040lx,2015-11-24T02:21:25.330Z,"62km E of Le Vauclin, Martinique",earthquake
2015-11-23T23:59:14.420Z,-24.8611,-175.0743,10,4.6,mb,,125,7.479,0.91,us,us100041jg,2015-12-08T02:17:24.528Z,"South of Tonga",earthquake
2015-11-23T23:46:39.380Z,-24.4804,-175.1518,32.48,4.6,mb,,100,5.354,0.97,us,us100040l3,2015-12-06T04:07:32.295Z,"South of Tonga",earthquake
2015-11-23T20:41:23.050Z,17.0765,-98.7997,42.5,5.5,mb,,83,0.532,0.93,us,us100040iy,2015-11-24T20:55:56.000Z,"29km NNW of San Luis Acatlan, Mexico",earthquake
2015-11-23T20:15:41.270Z,8.6008,-71.3378,10,4.5,mb,,87,0.75,0.59,us,us100040ik,2015-11-24T01:35:08.735Z,"11km NNE of Lagunillas, Venezuela",earthquake
2015-11-23T16:58:04.860Z,29.9157,63.8056,10,4.7,mb,,83,4.65,0.84,us,us100040hk,2015-11-24T01:00:48.195Z,"74km SE of `Alaqahdari Deh-e Shu, Afghanistan",earthquake
2015-11-23T15:29:03.340Z,-53.0503,21.7671,10,4.9,mb,,99,20.671,0.58,us,us100040hc,2015-11-23T23:31:35.399Z,"South of Africa",earthquake
2015-11-23T14:15:46.960Z,-8.5492,122.026,171.26,4.6,mb,,65,0.226,0.87,us,us100040h7,2015-11-23T22:18:30.409Z,"2km W of Magepanda, Indonesia",earthquake
2015-11-23T12:54:09.610Z,-0.5147,98.0279,22.9,4.5,mb,,152,1.862,0.86,us,us100040gu,2015-12-05T13:05:39.120Z,"126km WNW of Sikabaluan, Indonesia",earthquake
2015-11-23T11:29:14.860Z,-53.0412,22.0022,15.53,4.7,mb,,88,20.669,0.65,us,us100041j7,2015-12-05T11:56:41.107Z,"South of Africa",earthquake
2015-11-23T11:18:53.630Z,-53.0308,21.789,10,5,mb,,40,20.652,0.79,us,us100040gl,2015-12-05T11:50:31.554Z,"South of Africa",earthquake
2015-11-23T08:35:23.640Z,4.197,126.7267,40.63,4.6,mb,,117,6.682,0.36,us,us100040gf,2015-11-23T16:37:51.907Z,"193km SE of Sarangani, Philippines",earthquake
2015-11-23T05:16:24.190Z,-23.9149,-67.6828,121.02,4.6,mb,,39,1.719,1.35,us,us100040g0,2015-11-23T13:18:59.039Z,"123km SSE of San Pedro de Atacama, Chile",earthquake
2015-11-23T04:14:02.860Z,51.7452,-130.6787,14.33,4.5,mwr,,159,0.635,1.12,us,us100040fr,2015-12-07T02:47:46.784Z,"182km WSW of Bella Bella, Canada",earthquake
2015-11-23T01:06:05.230Z,26.3564,142.4517,23.42,4.5,mb,,139,0.774,0.65,us,us100041iw,2015-12-07T01:19:23.531Z,"83km SSE of Chichi-shima, Japan",earthquake
2015-11-22T23:10:21.770Z,30.1349,138.5464,456.98,4.5,mb,,79,3.156,0.52,us,us100040er,2015-12-04T05:08:51.783Z,"Izu Islands, Japan region",earthquake
2015-11-22T22:16:52.580Z,-23.6493,-68.9935,102.54,4.8,mb,,42,0.62,0.84,us,us100040e5,2015-11-22T22:31:24.073Z,"113km SW of San Pedro de Atacama, Chile",earthquake
2015-11-22T21:02:43.520Z,38.0048,100.3294,13.74,5.1,mb,,34,10.779,0.93,us,us100040dw,2015-11-23T05:05:40.620Z,"53km W of Hongtu, China",earthquake
2015-11-22T20:38:33.230Z,8.5307,-71.3945,28.12,5.3,mb,,54,0.829,1.04,us,us100040dr,2015-11-27T02:57:25.746Z,"2km NNW of Lagunillas, Venezuela",earthquake
2015-11-22T18:52:29.550Z,-20.1226,-177.6795,544.43,4.6,mb,,97,4.68,0.49,us,us100040d0,2015-11-23T02:55:08.057Z,"121km ENE of Ndoi Island, Fiji",earthquake
2015-11-22T18:16:04.700Z,36.4848,71.4613,92.41,5.9,mb,,42,0.955,0.82,us,us100040ct,2015-11-24T12:33:31.995Z,"22km SSW of Ashkasham, Afghanistan",earthquake
2015-11-22T16:33:18.630Z,0.883,127.3335,16.6,4.7,mb,,114,0.115,0.52,us,us100040cj,2015-11-23T00:35:56.193Z,"11km NNW of Kota Ternate, Indonesia",earthquake
2015-11-22T16:16:05.620Z,-53.5382,141.2905,10,4.5,mb,,169,19.737,0.46,us,us100040cg,2015-11-23T00:18:44.403Z,"West of Macquarie Island",earthquake
2015-11-22T15:34:07.960Z,-53.652,140.4759,10,5,mb,,99,10.892,0.67,us,us100040c9,2015-11-22T23:36:37.018Z,"West of Macquarie Island",earthquake
2015-11-22T14:38:15.620Z,-15.4146,-72.2389,109.43,4.9,mb,,110,3.455,0.81,us,us100040bu,2015-11-22T22:40:47.418Z,"19km SSE of Orcopampa, Peru",earthquake
2015-11-22T10:02:12.340Z,-5.3051,151.5518,69.76,4.6,mb,,112,1.263,0.63,us,us100040b7,2015-12-05T09:16:56.446Z,"131km SW of Kokopo, Papua New Guinea",earthquake
2015-11-22T09:47:17.090Z,-15.4427,-177.8261,10,4.8,mb,,122,4.566,0.89,us,us100040b3,2015-12-05T09:01:30.024Z,"131km SSE of Sigave, Wallis and Futuna",earthquake
2015-11-22T09:41:32.280Z,-33.558,-179.1534,29.09,4.6,mb,,86,4.425,0.75,us,us100040au,2015-12-05T07:58:27.666Z,"236km S of L'Esperance Rock, New Zealand",earthquake
2015-11-22T08:47:05.200Z,42.7944,145.5867,30.94,4.8,mb,,110,1.96,0.56,us,us100040ap,2015-11-22T16:49:45.483Z,"58km S of Nemuro, Japan",earthquake
2015-11-22T08:11:17.810Z,16.9676,-96.2645,65.07,5,mb,,73,3.632,0.87,us,us100040aj,2015-11-23T20:58:26.127Z,"15km ENE of San Pablo Villa de Mitla, Mexico",earthquake
2015-11-22T05:57:37.490Z,-30.3714,-71.9436,10,4.7,mb,,91,0.402,1.2,us,us1000409y,2015-11-22T14:00:22.701Z,"74km SW of Coquimbo, Chile",earthquake
2015-11-22T03:36:49.080Z,5.3761,125.3437,203.14,4.8,mb,,48,1.698,0.82,us,us1000409g,2015-11-22T08:06:21.471Z,"13km WSW of Sarangani, Philippines",earthquake
2015-11-22T02:57:54.160Z,-8.8503,157.7917,37.19,4.8,mb,,62,2.207,1.07,us,us1000409a,2015-11-22T11:00:30.703Z,"133km SE of Gizo, Solomon Islands",earthquake
2015-11-22T00:58:02.940Z,31.7306,141.7556,10,4.7,mb,,130,2.145,0.54,us,us10004089,2015-11-22T09:00:43.915Z,"237km SE of Hachijo-jima, Japan",earthquake
2015-11-22T00:37:13.810Z,42.8844,146.214,36.39,4.8,mb,,136,2.423,0.83,us,us10004084,2015-11-22T08:39:52.234Z,"71km SE of Nemuro, Japan",earthquake
2015-11-21T23:58:34.500Z,8.9708,-83.7973,15.54,4.5,mb,,163,0.425,1.38,us,us1000407t,2015-11-22T12:00:24.510Z,"30km W of Ciudad Cortes, Costa Rica",earthquake
2015-11-21T23:20:32.170Z,-33.9294,-178.9183,35,4.7,mb,,193,5.385,0.75,us,us1000407i,2015-11-22T07:23:01.935Z,"276km S of L'Esperance Rock, New Zealand",earthquake
2015-11-21T23:20:26.930Z,36.4343,140.7484,43.43,4.9,mb,,119,0.494,1.19,us,us1000407f,2015-11-22T23:33:59.153Z,"16km ESE of Funaishikawa, Japan",earthquake
2015-11-21T23:05:29.700Z,-30.5766,-71.8,24.37,5.5,mb,,90,0.172,1.11,us,us10004077,2015-11-22T22:48:33.159Z,"57km W of Ovalle, Chile",earthquake
2015-11-21T23:02:36.900Z,-33.7003,-178.8574,34.47,4.9,mb,,132,4.492,0.88,us,us10004078,2015-11-22T07:05:06.903Z,"251km S of L'Esperance Rock, New Zealand",earthquake
2015-11-21T19:45:36.610Z,-18.1117,-172.5396,10,5.3,mb,,47,2.656,1.02,us,us1000405c,2015-11-22T03:48:05.834Z,"163km ENE of Neiafu, Tonga",earthquake
2015-11-21T19:01:57.630Z,32.8039,47.9113,10,4.6,mb,,63,6.483,1.38,us,us10004050,2015-11-22T03:04:33.935Z,"50km ESE of Abdanan, Iran",earthquake
2015-11-21T16:44:05.770Z,-8.2345,124.9407,10,4.9,mb,,80,2.703,1.37,us,us1000404k,2015-11-22T00:46:34.383Z,"78km WNW of Dili, East Timor",earthquake
2015-11-21T15:12:32.420Z,22.7869,143.6113,43.08,4.6,mb,,124,4.481,0.7,us,us10004048,2015-11-21T23:15:11.242Z,"282km NNW of Farallon de Pajaros, Northern Mariana Islands",earthquake
2015-11-21T09:06:12.080Z,-7.207,129.9253,67.3,6.1,mwp,,33,5.725,0.98,us,us1000402t,2015-11-22T04:57:01.000Z,"174km WNW of Saumlaki, Indonesia",earthquake
2015-11-21T08:05:15.210Z,3.0574,126.0247,92.11,4.9,mb,,108,4.01,1.33,us,us1000402q,2015-11-21T16:08:12.587Z,"201km NNE of Bitung, Indonesia",earthquake
2015-11-21T05:40:23.950Z,26.3959,142.4908,34.63,4.8,mb,,133,0.748,0.65,us,us1000402d,2015-11-21T13:42:59.584Z,"80km SSE of Chichi-shima, Japan",earthquake
2015-11-21T04:38:25.730Z,0.606,126.6936,10,4.5,mb,,186,4.249,0.47,us,us10004028,2015-11-21T12:40:53.519Z,"77km WSW of Kota Ternate, Indonesia",earthquake
2015-11-21T02:49:21.610Z,5.8591,126.1841,68.91,4.5,mb,,134,1.344,0.78,us,us1000401e,2015-11-21T10:52:05.562Z,"55km S of Pondaguitan, Philippines",earthquake
2015-11-21T02:35:57.510Z,0.9062,127.3095,10,4.7,mb,,113,6.53,1.02,us,us1000401b,2015-11-21T10:38:35.566Z,"15km NNW of Kota Ternate, Indonesia",earthquake
2015-11-21T01:26:38.570Z,49.4069,155.2843,69.81,4.6,mb,,138,4.004,0.4,us,us10004015,2015-11-21T09:29:45.271Z,"153km SSW of Severo-Kuril'sk, Russia",earthquake
2015-11-21T00:41:57.530Z,38.7285,20.4759,10,4.7,mwr,,64,1.481,0.82,us,us1000400i,2015-12-04T05:02:36.163Z,"20km W of Nidri, Greece",earthquake
2015-11-21T00:15:43.920Z,41.8168,71.3791,25.61,4.5,mb,,27,1.437,1.03,us,us1000400a,2015-12-06T03:27:06.964Z,"24km ENE of Kanysh-Kyya, Kyrgyzstan",earthquake
2015-11-20T23:37:05.530Z,38.7558,20.4745,10,4.7,mwr,,39,1.476,0.97,us,us10003zzn,2015-12-04T04:40:15.130Z,"21km WSW of Lefkada, Greece",earthquake
2015-11-20T23:25:41.380Z,-11.6407,165.5124,10,5.1,mb,,40,4.125,0.57,us,us10003zzi,2015-12-06T03:17:49.168Z,"108km SSW of Lata, Solomon Islands",earthquake
2015-11-20T23:05:54.210Z,8.5253,-71.3695,7.9,4.6,mb,,36,0.809,0.85,us,us10003zyw,2015-12-07T01:02:20.558Z,"2km NE of Lagunillas, Venezuela",earthquake
2015-11-20T21:28:57.670Z,-6.5955,-80.5214,53.41,4.6,mb,,124,2.178,0.9,us,us10003zy1,2015-12-05T05:22:42.247Z,"56km W of Morrope, Peru",earthquake
2015-11-20T20:03:05.480Z,-7.4208,105.3175,30.53,4.8,mb,,134,2.355,1.31,us,us10003zxj,2015-11-24T18:46:19.888Z,"75km SSW of Tugu Hilir, Indonesia",earthquake
2015-11-20T19:48:45.610Z,-7.4237,105.292,19.8,4.8,mb,,75,2.38,1.19,us,us10003zx0,2015-11-24T18:29:36.357Z,"77km SSW of Cicadas, Indonesia",earthquake
2015-11-20T18:00:06.930Z,8.5239,-71.3015,28.83,4.8,mwr,,35,0.75,0.88,us,us10003zvp,2015-11-24T17:52:08.641Z,"7km WSW of Ejido, Venezuela",earthquake
2015-11-20T17:05:42.270Z,-24.2167,-66.8524,188.64,4.6,mb,,39,2.475,0.9,us,us10003zvf,2015-11-24T17:40:31.729Z,"54km W of San Antonio de los Cobres, Argentina",earthquake
2015-11-20T14:50:46.250Z,0.9266,127.3929,60.08,5,mb,,104,5.017,0.93,us,us10003ztb,2015-12-04T11:05:25.293Z,"14km N of Ternate, Indonesia",earthquake
2015-11-20T09:33:15.550Z,38.704,20.5054,10,4.8,mb,,75,1.463,1.17,us,us10003zsr,2015-11-20T10:41:55.789Z,"17km W of Nidri, Greece",earthquake
2015-11-20T07:06:24.960Z,26.4937,142.54,33.75,4.9,mb,,139,0.678,0.34,us,us10003zs3,2015-11-20T15:09:06.783Z,"72km SSE of Chichi-shima, Japan",earthquake
2015-11-20T05:31:52.290Z,26.3794,142.7055,12.89,5.5,mb,,83,0.852,1.08,us,us10003zrf,2015-11-20T16:48:24.040Z,"91km SSE of Chichi-shima, Japan",earthquake
2015-11-20T05:12:24.440Z,38.5346,20.3452,6.64,4.8,mb,,54,1.63,1.13,us,us10003zrb,2015-11-20T07:05:39.273Z,"37km WNW of Ithaki, Greece",earthquake
2015-11-20T04:45:53.400Z,40.3744,73.2026,40.79,4.9,mb,,45,1.395,1.24,us,us10003zr4,2015-11-20T13:12:51.702Z,"21km WNW of Gul'cha, Kyrgyzstan",earthquake
2015-11-20T02:07:21.210Z,3.7632,125.7214,64.04,4.9,mb,,89,3.287,0.74,us,us10003zqa,2015-11-20T10:10:06.123Z,"183km S of Sarangani, Philippines",earthquake
2015-11-20T01:08:47.620Z,26.4346,142.5841,25.22,4.7,mb,,86,0.749,0.76,us,us10003zq5,2015-11-20T09:11:24.551Z,"80km SSE of Chichi-shima, Japan",earthquake
2015-11-19T23:41:11.490Z,-24.8165,-175.6704,39.68,4.5,mb,,123,4.849,0.71,us,us100040p7,2015-12-07T05:39:34.173Z,"South of Tonga",earthquake
2015-11-19T23:15:51.010Z,36.6834,140.7962,8.7,4.7,mb,,48,0.665,0.6,us,us10003zpf,2015-12-05T04:24:55.230Z,"8km ESE of Takahagi, Japan",earthquake
2015-11-19T21:00:01.230Z,-41.1742,85.4381,10,4.8,mb,,65,6.957,0.69,us,us10003zn0,2015-12-04T06:02:34.105Z,"Southeast Indian Ridge",earthquake
2015-11-19T20:29:30.210Z,-31.0615,-72.0706,30.43,4.6,mb,,192,0.538,0.39,us,us10003zmr,2015-11-20T04:32:05.253Z,"97km WSW of Ovalle, Chile",earthquake
2015-11-19T18:25:10.870Z,38.2674,142.5348,30.5,4.6,mb,,135,1.433,0.81,us,us10003zm8,2015-11-20T02:27:41.552Z,"109km E of Ishinomaki, Japan",earthquake
2015-11-19T18:15:33.930Z,-24.6665,-175.9326,10,5.1,mb,,112,4.895,0.75,us,us10003zm9,2015-11-20T02:18:15.135Z,"South of Tonga",earthquake
2015-11-19T14:41:50.000Z,31.3046,128.8636,27.53,4.7,mb,,71,1.374,1.11,us,us10003zkd,2015-11-19T22:44:24.495Z,"138km W of Makurazaki, Japan",earthquake
2015-11-19T14:31:08.780Z,-31.3144,-72.5926,10,4.5,mb,,181,1.041,0.84,us,us10003ziv,2015-11-19T15:17:41.437Z,"140km WNW of Illapel, Chile",earthquake
2015-11-19T13:49:43.780Z,-7.5672,-13.5261,10,5.3,mb,,76,0.902,0.62,us,us10003ziq,2015-11-19T21:52:23.321Z,"106km ENE of Georgetown, Saint Helena",earthquake
2015-11-19T11:56:13.940Z,51.8124,158.7119,59.39,4.9,mb,,125,1.213,1.01,us,us10003zi5,2015-11-19T13:35:18.908Z,"126km S of Vilyuchinsk, Russia",earthquake
2015-11-19T09:33:03.570Z,37.5494,141.278,53.13,4.9,mb,,97,0.501,1.35,us,us10003zhj,2015-11-25T23:02:45.938Z,"25km ENE of Namie, Japan",earthquake
2015-11-19T07:42:12.760Z,36.661,-98.4612,6.23,4.7,mwr,,98,0.246,0.18,us,us10003zgz,2015-12-02T22:05:27.608Z,"13km SW of Cherokee, Oklahoma",earthquake
2015-11-19T07:40:26.170Z,-22.6093,-66.7117,211.44,5.1,mb,,81,2.032,0.86,us,us10003zgx,2015-11-19T15:18:56.928Z,"105km W of Abra Pampa, Argentina",earthquake
2015-11-19T05:16:24.300Z,-58.6909,148.7291,10,4.9,mb,,114,7.035,0.48,us,us10003zg6,2015-11-19T13:18:59.395Z,"West of Macquarie Island",earthquake
2015-11-19T04:15:53.010Z,27.9259,85.6559,10,5,mb,,90,0.368,1.27,us,us10003zfw,2015-11-19T11:36:47.572Z,"26km NNE of Nagarkot, Nepal",earthquake
2015-11-19T03:47:31.240Z,-32.6201,-176.6264,39.61,5.1,mb,,141,3.545,0.93,us,us10003zfk,2015-11-19T11:50:04.095Z,"251km ESE of L'Esperance Rock, New Zealand",earthquake
2015-11-18T21:36:38.540Z,2.7042,127.8802,101.44,4.5,mb,,82,1.986,0.86,us,us10003zdk,2015-12-13T00:26:24.984Z,"108km N of Tobelo, Indonesia",earthquake
2015-11-18T19:56:49.480Z,31.2806,129.0212,10,4.6,mb,,83,1.245,0.78,us,us10003zd4,2015-11-19T03:59:21.644Z,"123km W of Makurazaki, Japan",earthquake
2015-11-18T18:53:55.660Z,-9.0359,158.5055,10,5.1,mb,,53,1.478,0.77,us,us10003zcv,2015-11-19T02:56:35.997Z,"123km SSW of Dadali, Solomon Islands",earthquake
2015-11-18T18:31:04.600Z,-8.9288,158.4102,13.39,7,mww,,23,1.6,0.82,us,us10003zcp,2015-11-19T03:41:04.877Z,"118km SW of Dadali, Solomon Islands",earthquake
2015-11-18T18:30:07.200Z,38.7338,20.5977,5.1,4.6,mb,,,,1.15,us,us10003zcl,2015-11-19T02:32:50.560Z,"10km WNW of Nidri, Greece",earthquake
2015-11-18T16:47:07.910Z,-6.3147,103.6642,33.01,5.1,mb,,70,2.065,0.97,us,us10003zcb,2015-12-04T06:08:57.618Z,"116km SSW of Biha, Indonesia",earthquake
2015-11-18T13:42:35.760Z,38.5707,141.8841,63.23,4.6,mb,,127,1.11,0.91,us,us10003z8p,2015-12-10T10:11:01.439Z,"53km ENE of Ishinomaki, Japan",earthquake
2015-11-18T13:03:14.900Z,38.72,20.63,8,4.9,mwr,,,,1.14,us,us10003z8i,2015-12-10T06:57:04.507Z,"7km WNW of Nidri, Greece",earthquake
2015-11-18T12:15:39.070Z,38.8659,20.5645,10,5.1,mb,,63,1.39,1.28,us,us10003z89,2015-11-20T17:28:24.000Z,"12km WNW of Lefkada, Greece",earthquake
2015-11-18T10:36:56.690Z,-4.651,103.6298,114.12,5,mb,,72,0.731,1.11,us,us10003z7z,2015-11-18T19:07:02.737Z,"45km NNW of Kuripan, Indonesia",earthquake
2015-11-18T06:13:15.980Z,-19.3485,-69.2246,90.72,4.6,mb,,80,0.577,1.42,us,us10003z7l,2015-11-18T16:31:39.040Z,"132km SSE of Putre, Chile",earthquake
2015-11-18T05:18:16.100Z,38.5931,20.3612,10,4.7,mb,,101,1.601,1.26,us,us10003z7i,2015-11-18T08:20:56.120Z,"32km WSW of Nidri, Greece",earthquake
2015-11-18T04:38:52.300Z,31.3259,129.0516,29.96,5.1,mb,,79,1.211,1.33,us,us10003z79,2015-11-18T12:41:38.644Z,"120km W of Makurazaki, Japan",earthquake
2015-11-18T04:14:37.190Z,2.7458,125.7046,62.59,4.8,mb,,225,2.569,0.84,us,us10003z76,2015-11-18T12:17:17.764Z,"155km NNE of Bitung, Indonesia",earthquake
2015-11-18T01:58:46.980Z,-6.4541,130.2819,116,5.2,mww,,20,1.823,1.11,us,us10003z6v,2015-12-04T05:58:48.506Z,"201km NW of Saumlaki, Indonesia",earthquake
2015-11-17T23:52:50.480Z,51.4547,-178.261,49.83,4.7,mb,,71,0.376,0.82,us,us10003z5i,2015-12-10T23:05:02.377Z,"48km S of Tanaga Volcano, Alaska",earthquake
2015-11-17T22:15:29.430Z,32.1283,95.039,10,4.6,mb,,50,4.14,0.63,us,us10003z4f,2015-12-13T02:45:00.778Z,"75km NNW of Gyamotang, China",earthquake
2015-11-17T17:40:54.380Z,40.4517,73.0313,46.21,4.8,mb,,66,1.35,0.96,us,us10003z03,2015-11-20T16:34:11.590Z,"20km ESE of Osh, Kyrgyzstan",earthquake
2015-11-17T17:29:36.310Z,40.3858,73.2059,18,5.5,mwr,,18,1.404,0.72,us,us10003yzt,2015-11-20T16:31:11.000Z,"21km WNW of Gul'cha, Kyrgyzstan",earthquake
2015-11-17T13:16:27.910Z,-30.699,-71.4952,47.24,4.5,mb,,58,0.123,0.61,us,us10003yy2,2015-11-17T17:08:14.040Z,"30km WSW of Ovalle, Chile",earthquake
2015-11-17T12:51:03.180Z,1.5661,126.4941,10,4.8,mb,,60,1.176,0.85,us,us10003yxy,2015-11-17T20:53:35.553Z,"130km NW of Kota Ternate, Indonesia",earthquake
2015-11-17T12:37:56.850Z,38.7709,20.5154,10,4.7,mb,,54,1.442,1.18,us,us10003yxv,2015-11-17T13:18:59.128Z,"17km WSW of Lefkada, Greece",earthquake
2015-11-17T11:57:26.520Z,38.7383,20.4839,10,4.7,mb,,91,1.472,1.06,us,us10003yxr,2015-11-17T20:00:02.373Z,"19km W of Nidri, Greece",earthquake
2015-11-17T11:39:45.030Z,14.8029,-92.3361,88.46,4.5,mb,,160,0.679,0.99,us,us10003yxm,2015-11-17T15:37:21.467Z,"12km SSW of Tapachula, Mexico",earthquake
2015-11-17T10:18:23.760Z,53.4036,170.4375,30.22,4.7,mb,,108,2.312,0.67,us,us10003yxc,2015-11-22T02:56:13.596Z,"194km WNW of Attu Station, Alaska",earthquake
2015-11-17T08:33:40.800Z,38.65,20.56,9,5.1,mww,,,,0.91,us,us10003ywz,2015-12-01T11:10:41.858Z,"14km WSW of Nidri, Greece",earthquake
2015-11-17T07:10:07.300Z,38.67,20.6,11,6.5,mww,,,,0.98,us,us10003ywp,2015-12-08T02:07:00.306Z,"10km WSW of Nidri, Greece",earthquake
2015-11-17T06:16:26.900Z,-2.2902,-79.2747,90.84,4.9,mb,,112,2.642,0.95,us,us10003ywg,2015-11-18T03:29:50.630Z,"13km NNE of La Troncal, Ecuador",earthquake
2015-11-17T06:02:37.860Z,-24.0847,-66.9761,164.47,4.5,mb,,38,2.304,1.08,us,us10003ywd,2015-11-17T14:05:07.165Z,"68km WNW of San Antonio de los Cobres, Argentina",earthquake
2015-11-17T00:38:16.760Z,38.4685,144.7801,26.31,4.6,mb,,143,3.201,1.03,us,us10003zkn,2015-12-04T03:22:42.012Z,"266km ESE of Kamaishi, Japan",earthquake
2015-11-17T00:23:02.030Z,-10.1705,167.2033,35,4.8,mb,,121,5.244,0.79,us,us10003yv0,2015-11-23T05:54:53.011Z,"161km ENE of Lata, Solomon Islands",earthquake
2015-11-16T22:31:56.020Z,-51.8761,29.0352,10,4.8,mb,,57,20.39,0.77,us,us10003yum,2015-12-04T05:32:58.999Z,"South of Africa",earthquake
2015-11-16T21:46:08.340Z,-5.8931,129.9553,198.98,4.5,mb,,67,2.467,0.72,us,us10003yue,2015-12-04T05:30:42.410Z,"272km NNW of Saumlaki, Indonesia",earthquake
2015-11-16T20:52:20.640Z,-30.2836,-72.0682,13.67,5,mb,,121,0.539,1.23,us,us10003ytn,2015-11-17T04:54:55.722Z,"78km WSW of Coquimbo, Chile",earthquake
2015-11-16T16:49:13.680Z,48.3021,154.2845,34,5.9,mww,,16,5.277,0.79,us,us10003yr1,2015-11-17T14:56:53.000Z,"296km SSW of Severo-Kuril'sk, Russia",earthquake
2015-11-16T16:13:08.550Z,-24.8914,-175.9322,35,5,mb,,112,4.687,1.06,us,us10003ypr,2015-11-19T14:48:17.607Z,"South of Tonga",earthquake
2015-11-16T15:15:29.490Z,-31.8316,-72.0559,8.16,4.6,mb,,80,1.209,0.53,us,us10003yp4,2015-11-16T23:17:59.892Z,"87km WSW of Illapel, Chile",earthquake
2015-11-16T13:11:55.310Z,8.4326,-77.1063,39.37,4.6,mb,,52,0.331,0.83,us,us10003ynb,2015-11-16T21:14:23.641Z,"20km ESE of Acandi, Colombia",earthquake
2015-11-16T12:00:45.790Z,-30.2537,-177.2053,10,4.7,mb,,129,1.186,0.43,us,us10003zjh,2015-12-01T07:10:12.670Z,"128km SSE of Raoul Island, New Zealand",earthquake
2015-11-16T11:04:28.620Z,-26.4512,67.7857,10,5,mb,,62,12.213,0.56,us,us10003ymm,2015-11-30T13:50:24.191Z,"Indian Ocean Triple Junction",earthquake
2015-11-16T09:57:36.410Z,18.5188,120.7902,10,4.7,mb,,124,4.285,1.52,us,us10003ymg,2015-11-16T18:00:03.159Z,"2km WSW of Dumalneg, Philippines",earthquake
2015-11-16T07:31:18.280Z,31.1726,128.9661,39.84,4.8,mb,,84,1.315,1.15,us,us10003ylp,2015-11-16T15:34:04.137Z,"129km W of Makurazaki, Japan",earthquake
2015-11-16T04:55:35.510Z,-18.7515,-69.7705,78.14,4.7,mb,,92,0.483,0.77,us,us10003yl3,2015-12-04T05:22:17.487Z,"64km ESE of Arica, Chile",earthquake
2015-11-16T03:31:42.190Z,52.1042,173.5959,31.27,5.1,mb,,88,0.7,0.71,us,us10003ykq,2015-12-01T04:24:29.885Z,"77km SSW of Shemya Island, Alaska",earthquake
2015-11-16T03:11:48.260Z,-7.7683,119.0036,10,4.6,mb,,76,2.835,0.63,us,us10003ykj,2015-12-04T05:09:32.160Z,"58km N of Sangiang, Indonesia",earthquake
2015-11-16T00:39:33.440Z,17.8361,-81.8286,6.36,5.8,mww,,17,1.591,1.11,us,us10003yjy,2015-11-23T01:40:36.727Z,"167km SSW of George Town, Cayman Islands",earthquake
2015-11-15T23:53:39.220Z,-19.7248,-177.9871,586.8,4.5,mb,,99,4.238,0.69,us,us10003zc2,2015-12-04T03:03:43.781Z,"126km NE of Ndoi Island, Fiji",earthquake
2015-11-15T23:17:15.840Z,52.6568,158.8761,70.02,4.5,mb,,135,0.391,0.75,us,us10003yjq,2015-11-23T01:11:06.567Z,"44km SE of Vilyuchinsk, Russia",earthquake
2015-11-15T17:11:42.910Z,42.4314,143.1667,104.49,4.8,mb,,135,0.416,0.84,us,us10003yik,2015-11-16T01:14:17.999Z,"54km S of Obihiro, Japan",earthquake
2015-11-15T15:47:50.540Z,36.4972,70.3244,208.63,4.6,mb,,68,0.658,0.83,us,us10003yi6,2015-11-16T01:05:09.039Z,"42km ESE of Farkhar, Afghanistan",earthquake
2015-11-15T09:32:13.540Z,-14.4913,167.7726,120.19,4.6,mb,,213,1.098,1.28,us,us10003yha,2015-11-30T11:10:12.763Z,"71km SSE of Sola, Vanuatu",earthquake
2015-11-15T09:26:41.180Z,-20.077,-173.1411,23.51,4.7,mb,,83,3.189,1,us,us10003yhb,2015-11-30T09:12:57.051Z,"130km ESE of Pangai, Tonga",earthquake
2015-11-15T09:18:57.800Z,13.714,93.5448,47.89,4.5,mb,,229,7.011,0.41,us,us10003zbg,2015-11-30T09:06:45.319Z,"240km NNE of Bamboo Flat, India",earthquake
2015-11-15T06:58:38.600Z,1.4279,-101.1846,10,4.5,mb,,208,11.096,0.66,us,us10003ygt,2015-11-15T15:01:18.949Z,"Galapagos Triple Junction region",earthquake
2015-11-15T05:14:01.870Z,32.0058,128.58,18.36,4.8,mb,,100,2.606,0.98,us,us10003ygk,2015-11-15T13:16:37.696Z,"79km SSW of Fukue, Japan",earthquake
2015-11-15T05:11:55.110Z,-24.7658,-175.7978,35,5,mb,,121,9.036,0.85,us,us10003ygi,2015-11-15T13:14:34.964Z,"South of Tonga",earthquake
2015-11-15T04:56:20.170Z,13.1985,-89.4766,52.29,4.5,mb,,164,0.54,0.81,us,us10003yge,2015-11-15T23:20:03.432Z,"36km SSW of La Libertad, El Salvador",earthquake
2015-11-15T04:16:24.460Z,5.1211,127.3142,104.52,4.8,mb,,92,2.593,0.72,us,us10003yg9,2015-11-15T12:18:53.141Z,"186km SE of Pondaguitan, Philippines",earthquake
2015-11-15T01:12:23.900Z,30.9827,128.8608,10,4.5,mb,,119,1.461,0.73,us,us10003yfh,2015-11-15T09:15:00.731Z,"142km WSW of Makurazaki, Japan",earthquake
2015-11-14T21:41:51.130Z,31.2579,128.8044,14.61,4.5,mb,,94,1.431,0.72,us,us10003yem,2015-11-15T05:44:24.370Z,"144km W of Makurazaki, Japan",earthquake
2015-11-14T20:34:28.840Z,31.3026,128.8759,10,5.3,mb,,60,1.363,0.76,us,us10003ye7,2015-11-20T15:56:43.000Z,"137km W of Makurazaki, Japan",earthquake
2015-11-14T19:20:21.880Z,31.4286,128.9585,26.07,5.7,mb,,50,1.279,0.93,us,us10003ydz,2015-11-20T15:24:55.000Z,"128km WSW of Kushikino, Japan",earthquake
2015-11-14T18:26:51.490Z,42.9162,145.8901,50.96,4.7,mb,,133,2.213,0.92,us,us10003ydv,2015-11-17T15:10:45.777Z,"52km SSE of Nemuro, Japan",earthquake
2015-11-14T16:53:31.500Z,6.7639,94.5452,10,5.3,mb,,72,2.834,1.05,us,us10003ydi,2015-11-15T00:56:08.316Z,"129km NW of Sabang, Indonesia",earthquake
2015-11-14T15:19:12.320Z,-4.7581,134.0475,10,4.8,mb,,138,2.56,0.89,us,us10003yct,2015-11-14T23:21:46.698Z,"113km N of Dobo, Indonesia",earthquake
2015-11-14T14:23:48.660Z,-14.6235,167.3143,100.92,4.5,mb,,219,0.825,1.12,us,us10003ycg,2015-11-14T22:26:22.558Z,"55km NNE of Port-Olry, Vanuatu",earthquake
2015-11-14T14:03:54.460Z,8.599,-71.2668,14.65,4.6,mb,,54,0.686,0.83,us,us10003yce,2015-11-14T22:06:33.040Z,"6km NNW of Ejido, Venezuela",earthquake
2015-11-14T12:46:08.360Z,5.6331,125.6676,199.76,4.5,mb,,84,1.429,0.88,us,us10003yc9,2015-11-30T08:06:36.931Z,"21km ESE of Kalbay, Philippines",earthquake
2015-11-14T12:42:44.050Z,49.7758,155.8104,63.01,4.6,mb,,132,3.54,0.62,us,us10003yc7,2015-11-30T07:58:52.181Z,"102km SSW of Severo-Kuril'sk, Russia",earthquake
2015-11-14T12:20:23.300Z,8.49,-71.44,5,4.9,mb,,,,0.77,us,us10003yc3,2015-12-04T13:21:54.530Z,"6km WSW of Lagunillas, Venezuela",earthquake
2015-11-14T10:21:40.960Z,37.9482,143.937,16.07,5.2,mb,,126,2.49,0.97,us,us10003ybn,2015-11-19T18:25:34.000Z,"230km ESE of Ofunato, Japan",earthquake
2015-11-14T08:40:56.000Z,31.2782,128.9344,6.69,4.7,mb,,80,1.318,0.56,us,us10003ybg,2015-12-09T12:27:35.870Z,"131km W of Makurazaki, Japan",earthquake
2015-11-14T05:25:35.530Z,7.2168,-34.2684,10,5.3,mwb,,46,12.987,0.64,us,us10003yap,2015-12-09T10:31:03.671Z,"Central Mid-Atlantic Ridge",earthquake
2015-11-14T03:51:54.160Z,31.4544,128.8805,10,4.6,mb,,72,1.344,0.94,us,us10003yag,2015-12-13T06:31:16.004Z,"134km WSW of Kushikino, Japan",earthquake
2015-11-14T02:48:01.880Z,-18.6977,169.4655,272.26,4.6,mb,,95,2.944,0.64,us,us10003ya3,2015-12-13T06:34:13.079Z,"96km NNE of Isangel, Vanuatu",earthquake
2015-11-13T22:12:22.010Z,-15.9928,-172.2099,10,4.5,mb,,70,2.113,0.66,us,us10003yyy,2015-12-01T05:57:09.033Z,"164km E of Hihifo, Tonga",earthquake
